unit_id,unit_onboard_date,unit_name,property_id,unit_number_room,unit_swimming_pool,unit_capacity
UN0001,2018-07-02,Omah Cening,PR0005,1.0,3.0,6.0
UN0002,2018-07-02,PinkCoco Gili Air - Suite Del Mar,PR0004,,2.0,2.0
UN0003,2018-07-02,PinkCoco Gili Air - Limas,PR0004,,2.0,2.0
UN0004,2018-07-02,PinkCoco Gili Air - Gladak,PR0004,,2.0,2.0
UN0005,2018-07-02,PinkCoco Gili Air - Grande,PR0004,,2.0,2.0
UN0006,2018-07-02,PinkCoco Gili Air - Cocoon,PR0004,,2.0,2.0
UN0007,2018-07-02,PinkCoco GT - Grand Deluxe Room,PR0003,,2.0,2.0
UN0008,2018-07-02,PinkCoco GT - Deluxe Room,PR0003,,2.0,2.0
UN0009,2018-07-02,PinkCoco Bali - Penthouse,PR0002,,2.0,2.0
UN0010,2018-07-02,PinkCoco Bali - Panoramic,PR0002,,2.0,2.0
UN0011,2018-07-02,PinkCoco Bali - Garden,PR0002,,2.0,2.0
UN0012,2018-07-02,PinkCoco Bali - Deluxe Room,PR0002,,2.0,2.0
UN0013,2018-07-02,PinkCoco Bali - Courtyard,PR0002,,2.0,2.0
UN0014,2018-07-02,Villa Lulu,PR0006,,1.0,2.0
UN0015,2018-06-24,Griya Langen - 6BR,PR0011,6.0,3.0,16.0
UN0016,2018-06-24,Watusaman - Ground Floor 5BR,PR0010,5.0,2.0,12.0
UN0017,2018-06-22,Homestay Tembi - Family Room Bugis,PR0013,1.0,3.0,4.0
UN0018,2018-06-22,Homestay Tembi - Family Room Suyawijaya,PR0013,1.0,3.0,4.0
UN0019,2018-06-22,Homestay Tembi - Family Room Prawiratama,PR0013,1.0,3.0,4.0
UN0020,2018-06-22,Homestay Tembi - Family Room Sadewa,PR0013,1.0,3.0,4.0
UN0021,2018-06-22,Homestay Tembi - Standard Room Jogokarya,PR0013,1.0,3.0,2.0
UN0022,2018-06-22,Homestay Tembi - Standard Room Mangkuyuda,PR0013,1.0,3.0,2.0
UN0023,2018-06-22,Homestay Tembi - Standard Room Brahmana,PR0013,1.0,3.0,2.0
UN0024,2018-06-22,Wisma Eyang Sosro - 3BR,PR0015,3.0,3.0,6.0
UN0025,2018-06-22,Rajaklana - Luxury Stone House,PR0014,1.0,2.0,2.0
UN0026,2018-06-12,Double D - 1,PR0017,1.0,,
UN0027,2018-06-12,Double D - 2,PR0017,1.0,,
UN0028,2018-06-12,Double D - 3,PR0017,1.0,,
UN0029,2018-06-12,Double D - 4,PR0017,1.0,,
UN0030,2018-06-12,Double D - 4br,PR0017,4.0,,
UN0031,2018-06-05,Joglo Agung Standard Room,PR0023,1.0,,
UN0032,2018-06-05,Joglo Agung Family Room A,PR0023,1.0,,
UN0033,2018-06-03,Coffee Network Villa,PR0026,1.0,,
UN0034,2018-06-03,The Miracle Villas,PR0025,2.0,,
UN0035,2018-06-03,Villa Shiva - Serenity,PR0024,2.0,,
UN0036,2018-06-03,Villa Shiva - Bali,PR0024,2.0,,
UN0037,2018-05-31,D'Java Citra Ayu,PR0027,3.0,,
UN0038,2018-05-31,D'Java Omah Sambilegi,PR0028,,,
UN0039,2018-05-02,GK Gamat Garden-1,PR0040,1.0,,
UN0040,2018-05-02,GK Gamat Garden-2,PR0040,1.0,,
UN0041,2018-05-02,GK Gamat Garden-3,PR0040,1.0,,
UN0042,2018-05-02,GK Gamat Garden-4,PR0040,1.0,,
UN0043,2018-05-02,GK Gamat Garden,PR0040,1.0,,
UN0044,2018-05-02,Batan Sabo - 1,PR0039,1.0,,
UN0045,2018-05-02,Batan Sabo - 2,PR0039,1.0,,
UN0046,2018-05-02,Batan Sabo - 3,PR0039,1.0,,
UN0047,2018-05-02,Batan Sabo - 4,PR0039,1.0,,
UN0048,2018-05-02,Batan Sabo - 5,PR0039,1.0,,
UN0049,2018-05-02,Batan Sabo - 6,PR0039,1.0,,
UN0050,2018-05-02,Ayu Laba - Room Bawah #1,PR0037,1.0,,
UN0051,2018-05-02,Ayu Laba - Room Bawah Twin #2,PR0037,1.0,,
UN0052,2018-05-02,Ayu Laba - Room Bawah #3,PR0037,1.0,,
UN0053,2018-05-02,Ayu Laba - Room Bawah #4,PR0037,1.0,,
UN0054,2018-05-02,Ayu Laba - Room Bawah twin #5,PR0037,1.0,,
UN0055,2018-05-02,Ayu Laba - Room Bawah #6,PR0037,1.0,,
UN0056,2018-05-02,Ayu Laba - Lumbung Atas #7,PR0037,1.0,,
UN0057,2018-05-02,Ayu Laba - Lumbung Atas #8,PR0037,1.0,,
UN0058,2018-05-02,Ayu Laba - Lumbung Atas #9,PR0037,1.0,,
UN0059,2018-05-02,Ayu Laba - Lumbung Atas #10,PR0037,1.0,,
UN0060,2018-05-02,Ayu Laba - Rumah Kayu  Bawah  #11,PR0037,1.0,,
UN0061,2018-05-02,Ayu Laba - Rumah Kayu  #12,PR0037,1.0,,
UN0062,2018-05-02,Ayu Laba - Rumah Kayu,PR0037,1.0,,
UN0063,,2l Redsalt Two Lumbungs,PR0255,2.0,,
UN0064,,808 Residence,PR0210,1.0,,
UN0065,,8BR Kakol (the whole villa),PR0160,8.0,,
UN0066,,Agung Homestay - 1,PR0110,1.0,,
UN0067,,Agung Homestay - 2,PR0110,1.0,,
UN0068,,Agung Homestay - 3,PR0110,1.0,,
UN0069,,Ambalama - GV 1,PR0257,1.0,,
UN0070,,Ambalama - GV 2,PR0257,1.0,,
UN0071,,Ambalama - GV 3,PR0257,1.0,,
UN0072,,Ambalama - GV 4,PR0257,1.0,,
UN0073,,Ambalama - LG 7,PR0257,1.0,,
UN0074,,Ambalama - MV 5,PR0257,1.0,,
UN0075,,Ambalama - MV 6,PR0257,1.0,,
UN0076,,Amelle Exc - 1,PR0212,1.0,,
UN0077,,Amelle Exc - 2,PR0212,1.0,,
UN0078,,Amelle Res - 1,PR0212,1.0,,
UN0079,,Amelle Res - 2,PR0212,1.0,,
UN0080,,Amelle Res - 3,PR0212,1.0,,
UN0081,,Amelle Res - 4,PR0212,1.0,,
UN0082,,Amelle Res - 5,PR0212,1.0,,
UN0083,,Amelle Res - 6,PR0212,1.0,,
UN0084,,Amelle Res - 7,PR0212,1.0,,
UN0085,,Amelle Suite - 1,PR0212,1.0,,
UN0086,,Amelle Suite - 2,PR0212,1.0,,
UN0087,,Amelle Suite - 3,PR0212,1.0,,
UN0088,,Amelle Suite - 4,PR0212,1.0,,
UN0089,,Amelle Suite - 5,PR0212,1.0,,
UN0090,,Amelle Villa 1 BR - 1,PR0212,1.0,,
UN0091,,Amelle Villa 1 BR - 2,PR0212,1.0,,
UN0092,,Amelle Villa 2 BR - 1,PR0212,2.0,,
UN0093,,Amelle Villa 2 BR - 2,PR0212,2.0,,
UN0094,,Amelle Villa 2 BR - 3,PR0212,2.0,,
UN0095,,Amelle Villa 2 BR - 4,PR0212,2.0,,
UN0096,,Arca Apartment,PR0162,1.0,,
UN0097,,Arca Bungalow - Standard,PR0162,1.0,,
UN0098,,Arca Bungalow - Suite,PR0162,1.0,,
UN0099,,Arindra 4BR (the whole villa),PR0112,4.0,,
UN0100,,Armaya Homestay - 1,PR0259,1.0,,
UN0101,,Armaya Homestay - 2,PR0259,1.0,,
UN0102,,Armaya Homestay - 3,PR0259,1.0,,
UN0103,,Asri Guest House - 1,PR0214,1.0,,
UN0104,,Asri Guest House - 2,PR0214,1.0,,
UN0105,,Asri Guest House - 3,PR0214,1.0,,
UN0106,,Asri Guest House - 4,PR0214,1.0,,
UN0107,,Asri Guest House - 5,PR0214,1.0,,
UN0108,,Asri Guest House - 6,PR0214,1.0,,
UN0109,,Asri Guest House - 7,PR0214,1.0,,
UN0110,,Avisara,PR0164,1.0,,
UN0111,,Bagong Guesthouse,PR0114,1.0,,
UN0112,,Bagong Guesthouse - 1,PR0114,1.0,,
UN0113,,Bagong Guesthouse - 2,PR0114,1.0,,
UN0114,,Bagong Guesthouse - 2BR,PR0114,2.0,,
UN0115,,Bagong Guesthouse - 3,PR0114,1.0,,
UN0116,,Bagong Guesthouse - 4,PR0114,1.0,,
UN0117,,Bagong Guesthouse - 5,PR0114,1.0,,
UN0118,,Bagong Guesthouse - 6,PR0114,1.0,,
UN0119,,Bagong Guesthouse - 6BR,PR0114,16.0,,
UN0120,,Balangan Cottages - Bungalow 1,PR0261,1.0,,
UN0121,,Balangan Cottages - Bungalow 2,PR0261,1.0,,
UN0122,,Balangan Sleep Well,PR0216,2.0,,
UN0123,,Bali Bohemia,PR0166,1.0,,
UN0124,,Bali Bohemia - Loft 1,PR0166,1.0,,
UN0125,,Bali Mynah - Double 1,PR0116,1.0,,
UN0126,,Bali Mynah - Double 2,PR0116,1.0,,
UN0127,,Bali Mynah - Double 3,PR0116,1.0,,
UN0128,,Bali Mynah - Twin 1,PR0116,1.0,,
UN0129,,Bali Mynah - Twin 2,PR0116,1.0,,
UN0130,,Bali Mynah - Twin 3,PR0116,1.0,,
UN0131,,Bali Mynah New Villa - 1,PR0116,1.0,,
UN0132,,Bali Mynah New Villa - 2,PR0116,1.0,,
UN0133,,Bali Mynah Old Villa - 1,PR0116,1.0,,
UN0134,,Bali Mynah Old Villa - 2,PR0116,1.0,,
UN0135,,Bali Mynah New Villa - 1 3rd listing,PR0116,1.0,,
UN0136,,Bangka Suites #24 - VIP,PR0263,1.0,,
UN0137,,Bangka Suites #5 - Std,PR0263,1.0,,
UN0138,,Bangka Suites #6 - Std Plus,PR0263,1.0,,
UN0139,,Basura,PR0218,1.0,,
UN0140,,Batu Jaran Hill - 01 (Kitchen),PR0168,1.0,,
UN0141,,Batu Jaran Hill - 02,PR0168,1.0,,
UN0142,,Batu Jaran Hill - 03,PR0168,1.0,,
UN0143,,Batu Jaran Hill - 04,PR0168,1.0,,
UN0144,,Batu Jaran Hill - 05 (Kitchen),PR0168,1.0,,
UN0145,,Batu Jaran Hill - 06,PR0168,1.0,,
UN0146,,Batu Jaran Hill - 07,PR0168,1.0,,
UN0147,,Batu Jaran Hill - 08,PR0168,1.0,,
UN0148,,Batu Jaran Hill - 09,PR0168,1.0,,
UN0149,,Batu Jaran Hill - 10,PR0168,1.0,,
UN0150,,Beverly Dago Apartment - Ita,PR0118,1.0,,
UN0151,,Bingin Garden,PR0000,1.0,,
UN0152,,Bingin Jepun,PR0220,1.0,,
UN0153,,Bingin Surf Left - 01,PR0170,1.0,,
UN0154,,Bingin Surf Left - 02,PR0170,1.0,,
UN0155,,Bingin Surf Left - 03,PR0170,1.0,,
UN0156,,Bingin Surf Left - 04,PR0170,1.0,,
UN0157,,Bingin Surf Left - 05,PR0170,1.0,,
UN0158,,Bingin Surf Left - 06,PR0170,1.0,,
UN0159,,Bingin Surf Left - 07,PR0170,1.0,,
UN0160,,Bingin Surf Left - 08,PR0170,1.0,,
UN0161,,Bingin Surf Left - 09,PR0170,1.0,,
UN0162,,Bingin Surf Left - 10,PR0170,1.0,,
UN0163,,Bingin Surf Left - 2 bedrooms,PR0170,2.0,,
UN0164,,Bingin Surf Left - 4 bedrooms,PR0170,4.0,,
UN0165,,Bingin Ombak Standard - 1,PR0120,1.0,,
UN0166,,BiuBiu Kumala - Villa SO1,PR0267,4.0,,
UN0167,,Blue Garden - 1 (twin),PR0222,1.0,,
UN0168,,Blue Garden - 2 (Double),PR0222,1.0,,
UN0169,,Blue Garden - 3 - (Double),PR0222,1.0,,
UN0170,,Blue Garden - 4 - (Double),PR0222,1.0,,
UN0171,,Blue Garden - 5 - (Double),PR0222,1.0,,
UN0172,,Blue Garden - 6 - (Double),PR0222,1.0,,
UN0173,,Bobby's Guesthouse - 1 (Temples),PR0172,1.0,,
UN0174,,Bobby's Guesthouse - 2 (Secrets),PR0172,1.0,,
UN0175,,Bobby's Guesthouse - 3 twin (The Bombie),PR0172,1.0,,
UN0176,,Bobby's Guesthouse - 4 twin (The Peak),PR0172,1.0,,
UN0177,,Bobby's Guesthouse - 5 Family (Race Tracks),PR0172,1.0,,
UN0178,,Bobby's Guesthouse - 5 (Family) 2nd listing,PR0172,1.0,,
UN0179,,Bobby's Guesthouse - All rooms,PR0172,1.0,,
UN0180,,Brad's Villa,PR0122,3.0,,
UN0181,,Breezy Point,PR0000,3.0,,
UN0182,,Buana - 101,PR0269,1.0,,
UN0183,,Buana - 102,PR0269,1.0,,
UN0184,,Buana - 103,PR0269,1.0,,
UN0185,,Buana - 104,PR0269,1.0,,
UN0186,,Buana - 105 (twin),PR0269,1.0,,
UN0187,,Buana - 106,PR0269,1.0,,
UN0188,,Buana - 107,PR0269,1.0,,
UN0189,,Buana - 201,PR0269,1.0,,
UN0190,,Buana - 202,PR0269,1.0,,
UN0191,,Buana - 203,PR0269,1.0,,
UN0192,,Buana - 204,PR0269,1.0,,
UN0193,,Buana - 205,PR0269,1.0,,
UN0194,,Buana - 206,PR0269,1.0,,
UN0195,,Buana - 207,PR0269,1.0,,
UN0196,,Buana - 208,PR0269,1.0,,
UN0197,,Canggu Beach Apartment,PR0000,1.0,,
UN0198,,Canggu Suite - 1,PR0224,1.0,,
UN0199,,Canggu Suite - 10,PR0224,1.0,,
UN0200,,Canggu Suite - 11,PR0224,1.0,,
UN0201,,Canggu Suite - 12,PR0224,1.0,,
UN0202,,Canggu Suite - 2,PR0224,1.0,,
UN0203,,Canggu Suite - 3,PR0224,1.0,,
UN0204,,Canggu Suite - 4,PR0224,1.0,,
UN0205,,Canggu Suite - 5,PR0224,1.0,,
UN0206,,Canggu Suite - 6,PR0224,1.0,,
UN0207,,Canggu Suite - 7,PR0224,1.0,,
UN0208,,Canggu Suite - 8,PR0224,1.0,,
UN0209,,Canggu Suite - 9,PR0224,1.0,,
UN0210,,Casa Grande Residence - 1BR - 0701,PR0174,1.0,,
UN0211,,Casa Grande Residence - 2BR - 0309,PR0174,2.0,,
UN0212,,Villa Casa Putih,PR0124,4.0,,
UN0213,,Casa Bianca,PR0271,3.0,,
UN0214,,Cemara Indah - Deluxe 1,PR0226,1.0,,
UN0215,,Cemara Indah - Deluxe 2,PR0226,1.0,,
UN0216,,Cemara Indah - Superior 1,PR0226,1.0,,
UN0217,,Cemara Indah - Superior 2,PR0226,1.0,,
UN0218,,Citra Sun Garden C2 no 2,PR0176,4.0,,
UN0219,,Comeback - 01 (Twin Sekat),PR0126,1.0,,
UN0220,,Comeback - 02 (Double),PR0126,1.0,,
UN0221,,Comeback - 03 (Twin Sekat),PR0126,1.0,,
UN0222,,Comeback - 04 (Twin),PR0126,1.0,,
UN0223,,Comeback - 05 (Twin Sekat),PR0126,1.0,,
UN0224,,Comeback - 06 (Twin),PR0126,1.0,,
UN0225,,Comeback - 07 (Double),PR0126,1.0,,
UN0226,,Comeback - 08 (Double),PR0126,1.0,,
UN0227,,Comeback - 09 (Double),PR0126,1.0,,
UN0228,,Comeback - 10 (Twin Sekat),PR0126,1.0,,
UN0229,,Comeback - 8BR,PR0126,8.0,,
UN0230,,Comeback - 2BR,PR0126,2.0,,
UN0231,,D'Java Lempuyangan,PR0273,3.0,,
UN0232,,D'Java,PR0228,,,
UN0233,,D'Java Babarsari,PR0178,3.0,,
UN0234,,D'Java Gemilang,PR0128,4.0,,
UN0235,,D'Java Monjali,PR0274,4.0,,
UN0236,,D'Padang - 01,PR0229,1.0,,
UN0237,,D'Padang - 02,PR0229,1.0,,
UN0238,,D'Padang - 03,PR0229,1.0,,
UN0239,,D'Padang - 04,PR0229,1.0,,
UN0240,,D'Padang - 05,PR0229,1.0,,
UN0241,,D'Padang - 06,PR0229,1.0,,
UN0242,,D'Padang - 07,PR0229,1.0,,
UN0243,,D'Padang - 08,PR0229,1.0,,
UN0244,,D'Padang - 09,PR0229,1.0,,
UN0245,,D'Padang - 10,PR0229,1.0,,
UN0246,,D'Padang - 2BR,PR0229,2.0,,
UN0247,,D'Padang - 3BR,PR0229,3.0,,
UN0248,,D'Padang Wood Bungalow - 1,PR0229,1.0,,
UN0249,,D'Padang Wood Bungalow - 2,PR0229,1.0,,
UN0250,,D'Padang Wood Bungalow - 3,PR0229,1.0,,
UN0251,,D'Padang Wood Bungalow - 4,PR0229,1.0,,
UN0252,,D'Padang Wood Bungalow - 5,PR0229,1.0,,
UN0253,,D'Padang Wood Bungalow - 6,PR0229,1.0,,
UN0254,,DD Ubud Villas,PR0180,1.0,,
UN0255,,Denpasar Residence - 2BR - 28ABH,PR0129,2.0,,
UN0256,,De Kutuh Villa #1,PR0276,3.0,,
UN0257,,De Kutuh Villa #2,PR0276,3.0,,
UN0258,,De Kutuh Villa #3,PR0276,4.0,,
UN0259,,De Kutuh Villa #4,PR0276,3.0,,
UN0260,,De Kutuh Villa #5,PR0276,3.0,,
UN0261,,Dhuna Guesthouse - 1,PR0230,1.0,,
UN0262,,Dhuna Guesthouse - 2,PR0230,1.0,,
UN0263,,Dinar Hills - A (Suite),PR0181,1.0,,
UN0264,,Dinar Hills - B (Standard),PR0181,1.0,,
UN0265,,Dinar Hills - C (Standard),PR0181,1.0,,
UN0266,,Dinar Hills - D (Suite),PR0181,1.0,,
UN0267,,Dinar Hills - E,PR0181,1.0,,
UN0268,,Dreamview Villa,PR0130,3.0,,
UN0269,,Elements Hostel,PR0277,1.0,,
UN0270,,Elements Hostel - 6 beds,PR0277,6.0,,
UN0271,,Elements Hostel - 8 beds,PR0277,8.0,,
UN0272,,Emerald Villas,PR0231,3.0,,
UN0273,,Family Circus - Cabin 1,PR0183,1.0,,
UN0274,,Family Circus - Cabin 2,PR0183,1.0,,
UN0275,,Full Moon - 1,PR0131,1.0,,
UN0276,,Full Moon - 10,PR0131,1.0,,
UN0277,,Full Moon - 2,PR0131,1.0,,
UN0278,,Full Moon - 3,PR0131,1.0,,
UN0279,,Full Moon - 4,PR0131,1.0,,
UN0280,,Full Moon - 5,PR0131,1.0,,
UN0281,,Full Moon - 6,PR0131,1.0,,
UN0282,,Full Moon - 7,PR0131,1.0,,
UN0283,,Full Moon - 8,PR0131,1.0,,
UN0284,,Full Moon - 8BR,PR0131,8.0,,
UN0285,,Full Moon - 9,PR0131,1.0,,
UN0286,,Gandaria Height Apartment - Zizi,PR0278,1.0,,
UN0287,,Gangga Guest House - 1,PR0232,1.0,,
UN0288,,Gangga Guest House - 2,PR0232,1.0,,
UN0289,,Gangga Guest House - 3,PR0232,1.0,,
UN0290,,Gangga Guest House - 4,PR0232,1.0,,
UN0291,,Gangga Guest House - 5,PR0232,1.0,,
UN0292,,Gangga Guest House - 6,PR0232,1.0,,
UN0293,,Gangga Guest House - 7,PR0232,1.0,,
UN0294,,Gangga Guest House - 8,PR0232,1.0,,
UN0295,,Gatra - 1,PR0184,1.0,,
UN0296,,Gatra - 2,PR0184,1.0,,
UN0297,,Gatra - 3,PR0184,1.0,,
UN0298,,Gatra - 4,PR0184,1.0,,
UN0299,,Gatra - 5,PR0184,1.0,,
UN0300,,Gatra - 6,PR0184,1.0,,
UN0301,,Gatra - 7,PR0184,1.0,,
UN0302,,Gatra - 8,PR0184,1.0,,
UN0303,,Gatra - 9,PR0184,1.0,,
UN0304,,Gili Eco Villas - 1 (2br),PR0133,2.0,,
UN0305,,Gili Eco Villas - 2 (2br),PR0133,2.0,,
UN0306,,Gili Eco Villas - 3 (2br),PR0133,2.0,,
UN0307,,Gili Eco Villas - 5 (3br),PR0133,3.0,,
UN0308,,Gili Eco Villas - Bungalow 1 (1br),PR0133,1.0,,
UN0309,,Gili Eco Villas - Bungalow 2 (1br),PR0133,1.0,,
UN0310,,Gili Teak,PR0279,1.0,,
UN0311,,Gondang Legi Villas - 1,PR0233,1.0,,
UN0312,,Gondang Legi Villas - 2,PR0233,1.0,,
UN0313,,Gondang Legi Villas - 3,PR0233,1.0,,
UN0314,,Gondang Legi Villas - 4,PR0233,1.0,,
UN0315,,Gondang Legi Villas - 5,PR0233,1.0,,
UN0316,,Gondang Legi Villas - 6,PR0233,1.0,,
UN0317,,Gondang Legi Villas - 7,PR0233,1.0,,
UN0318,,Gondang Legi Villas - Family Bungalow,PR0233,3.0,,
UN0319,,Gravity,PR0185,,,
UN0320,,Griya Langen,PR0011,,,
UN0321,,Griya Langen Rooms - Double,PR0011,1.0,,
UN0322,,Griya Langen Rooms - Double - 2,PR0011,1.0,,
UN0323,,Griya Langen Rooms - Twin,PR0011,1.0,,
UN0324,,Halcyon Villa,PR0000,3.0,,
UN0325,,Hazel House - D1,PR0134,1.0,,
UN0326,,Hazel House - D2,PR0134,1.0,,
UN0327,,Hazel House - F1,PR0134,1.0,,
UN0328,,Hazel House - Whole House,PR0134,1.0,,
UN0329,,Homestay Tembi - Deluxe Family Joyo Blumbang,PR0013,1.0,,
UN0330,,Homestay Tembi - Deluxe Suite Tejakusuma,PR0013,1.0,,
UN0331,,Hyarta Residence - c12,PR0281,3.0,,
UN0332,,Hyarta Residence - D10,PR0281,3.0,,
UN0333,,Jepun Sari - 88 (Twin),PR0234,1.0,,
UN0334,,Jepun Sari - 89 (Twin),PR0234,1.0,,
UN0335,,Jepun Sari - 90 (Twin),PR0234,1.0,,
UN0336,,Jepun Sari - 91 (Double),PR0234,1.0,,
UN0337,,Jepun Sari - 92 (Double),PR0234,1.0,,
UN0338,,Jepun Sari - 93 (Double),PR0234,1.0,,
UN0339,,Jepun Sari - 94 (Double),PR0234,1.0,,
UN0340,,Jepun Sari - 95 (Double),PR0234,1.0,,
UN0341,,Jepun Sari - 96 (Suite),PR0234,1.0,,
UN0342,,Jepun Sari - 97 (Suite),PR0234,1.0,,
UN0343,,Jepun Sari - 98 (Suite),PR0234,1.0,,
UN0344,,Jepun Sari - 99 (Double),PR0234,1.0,,
UN0345,,Jepun Sari - 100 (Bungalow),PR0234,1.0,,
UN0346,,Jubilee GuestHouse,PR0186,1.0,,
UN0347,,Kakol Guesthouse - 1,PR0160,1.0,,
UN0348,,Kakol Guesthouse - 2,PR0160,1.0,,
UN0349,,Kakol Guesthouse - 3,PR0160,1.0,,
UN0350,,Kakol Guesthouse - 4,PR0160,1.0,,
UN0351,,Kakol Guesthouse - 5,PR0160,1.0,,
UN0352,,Kakol Guesthouse - 6,PR0160,1.0,,
UN0353,,Kakol Guesthouse - 7,PR0160,1.0,,
UN0354,,Kakol Guesthouse - 8,PR0160,1.0,,
UN0355,,Kampung Jimba - Padang Padang A,PR0135,1.0,,
UN0356,,Kampung Jimba - Padang Padang B,PR0135,1.0,,
UN0357,,Kampung Jimba - Nias A,PR0135,1.0,,
UN0358,,Kampung Jimba - Nias B,PR0135,1.0,,
UN0359,,Kampung Jimba - Ulu A,PR0135,1.0,,
UN0360,,Kampung Jimba - Ulu B,PR0135,1.0,,
UN0361,,Kampung Jimba - Ulu C,PR0135,1.0,,
UN0362,,Kampung Jimba - Ulu D,PR0135,1.0,,
UN0363,,Kampung Jimba - Mentawai,PR0135,1.0,,
UN0364,,Kampung Jimba - Ombak A,PR0135,1.0,,
UN0365,,Kampung Jimba - Ombak B,PR0135,1.0,,
UN0366,,Kembang Kuning - 01,PR0282,1.0,,
UN0367,,Kembang Kuning - 02,PR0282,1.0,,
UN0368,,Kembang Kuning - 03,PR0282,1.0,,
UN0369,,Kembang Kuning - 04,PR0282,1.0,,
UN0370,,Kembang Kuning - 05,PR0282,1.0,,
UN0371,,Kembang Kuning - 06,PR0282,1.0,,
UN0372,,Kembang Kuning - 07,PR0282,1.0,,
UN0373,,Kembang Kuning - 08,PR0282,1.0,,
UN0374,,Kembang Kuning - 09,PR0282,1.0,,
UN0375,,Kembang Kuning - 10,PR0282,1.0,,
UN0376,,Kembang Kuning - 11,PR0282,1.0,,
UN0377,,Kembang Kuning - 12,PR0282,1.0,,
UN0378,,Kembang Kuning - 13 (Bungalow),PR0282,1.0,,
UN0379,,Kembang Kuning -3BR,PR0282,3.0,,
UN0380,,Kembang Kuning -4BR,PR0282,4.0,,
UN0381,,Kiskenda Cottages,PR0235,1.0,,
UN0382,,Kubu Nyang Nyang - 1,PR0188,1.0,,
UN0383,,Kubu Nyang Nyang - 2,PR0188,1.0,,
UN0384,,Kubu Nyang Nyang - 3,PR0188,1.0,,
UN0385,,Kubu Nyang Nyang - 4,PR0188,1.0,,
UN0386,,Kubu Nyang Nyang - 5,PR0188,1.0,,
UN0387,,Kubu Nyang Nyang 2 BR,PR0188,2.0,,
UN0388,,Kubu Tropis,PR0137,1.0,,
UN0389,,Kukuh House Ubud,PR0284,1.0,,
UN0390,,Kusuma Guest House - 1,PR0236,1.0,,
UN0391,,Kusuma Guest House - 2 ( Family ),PR0236,1.0,,
UN0392,,Kusuma Guest House - 3 ( Family ),PR0236,1.0,,
UN0393,,Kusuma Guest House - 4,PR0236,1.0,,
UN0394,,Kusuma Guest House - 5 ( Family ),PR0236,1.0,,
UN0395,,Kusuma Guest House - 6,PR0236,1.0,,
UN0396,,Kusuma Guest House - 7 ( Family ),PR0236,1.0,,
UN0397,,Kusuma Guest House - 8,PR0236,1.0,,
UN0398,,Kusuma Guest House - 9,PR0236,1.0,,
UN0399,,Kusuma Guest House - 10,PR0236,1.0,,
UN0400,,Kusuma Guest House - 11 ( Family ),PR0236,1.0,,
UN0401,,Kusuma Guest House - 12,PR0236,1.0,,
UN0402,,Kusuma Guest House - 12BR,PR0236,12.0,,
UN0403,,Kusuma Guest House - 2BR,PR0236,2.0,,
UN0404,,Kusuma Guest House - Family 2BR,PR0236,2.0,,
UN0405,,Kusuma GH-DOUBLE,PR0236,1.0,,
UN0406,,Kusuma GH-FAMILY,PR0236,1.0,,
UN0407,,Kutuh Manak - 01,PR0189,1.0,,
UN0408,,Kutuh Manak - 02,PR0189,1.0,,
UN0409,,Kutuh Manak - 03,PR0189,1.0,,
UN0410,,Kutuh Manak - 04,PR0189,1.0,,
UN0411,,Kutuh Manak - 05,PR0189,1.0,,
UN0412,,Kutuh Manak - 06,PR0189,1.0,,
UN0413,,Kutuh Manak - 07,PR0189,1.0,,
UN0414,,Kutuh Manak - 08,PR0189,1.0,,
UN0415,,Kutuh Manak - 09,PR0189,1.0,,
UN0416,,Kutuh Manak - 10,PR0189,1.0,,
UN0417,,La Cabane - Ceu,PR0138,1.0,,
UN0418,,La Cabane - Family Paz,PR0138,1.0,,
UN0419,,La Cabane Dlx #2,PR0138,1.0,,
UN0420,,La Cabane Dlx #2 + 1 extra person,PR0138,1.0,,
UN0421,,La Cabane Dlx #3,PR0138,1.0,,
UN0422,,La Cabane Dlx #3 + 1 extra person,PR0138,1.0,,
UN0423,,La Cabane Std #1,PR0138,1.0,,
UN0424,,La Cabane Std #4,PR0138,1.0,,
UN0425,,LaJoya1 Deluxe Bungalow #10,PR0286,1.0,,
UN0426,,LaJoya1 Deluxe Bungalow #11,PR0286,1.0,,
UN0427,,LaJoya1 Deluxe Bungalow #11 + 1 extra person,PR0286,1.0,,
UN0428,,LaJoya1 Deluxe Bungalow #12,PR0286,1.0,,
UN0429,,LaJoya1 Deluxe Bungalow #12 + 1 extra person,PR0286,1.0,,
UN0430,,LaJoya1 Deluxe Bungalow #14,PR0286,1.0,,
UN0431,,LaJoya1 Deluxe Bungalow #14 + 1 extra person,PR0286,1.0,,
UN0432,,LaJoya1 Deluxe Bungalow #15,PR0286,1.0,,
UN0433,,LaJoya1 Deluxe Bungalow #15 + 1 extra person,PR0286,1.0,,
UN0434,,LaJoya1 Deluxe Bungalow #16,PR0286,1.0,,
UN0435,,LaJoya1 Deluxe Bungalow #16 + 1 extra person,PR0286,1.0,,
UN0436,,LaJoya1 Deluxe Bungalow #17,PR0286,1.0,,
UN0437,,LaJoya1 Deluxe Bungalow #9,PR0286,1.0,,
UN0438,,LaJoya1 Deluxe Bungalow #9 + 1 extra person,PR0286,1.0,,
UN0439,,LaJoya1 Deluxe Room #20,PR0286,1.0,,
UN0440,,LaJoya1 Deluxe Room #20 + 1 rollaway bed,PR0286,1.0,,
UN0441,,LaJoya1 Deluxe Room #21,PR0286,1.0,,
UN0442,,LaJoya1 Deluxe Room #21 + 1 rollaway bed,PR0286,1.0,,
UN0443,,LaJoya1 Dlx Bungalow #10 + 1 extra person,PR0286,1.0,,
UN0444,,LaJoya1 Private Villa,PR0238,1.0,,
UN0445,,LaJoya1 Standard Bungalow #1,PR0286,1.0,,
UN0446,,LaJoya1 Standard Bungalow #2,PR0286,1.0,,
UN0447,,LaJoya1 Standard Bungalow #3,PR0286,1.0,,
UN0448,,LaJoya1 Standard Bungalow #4,PR0286,1.0,,
UN0449,,LaJoya1 Standard Bungalow #4 + 1 extra person + 1 rollaway bed,PR0238,1.0,,
UN0450,,LaJoya1 Standard Bungalow #5,PR0286,1.0,,
UN0451,,LaJoya1 Standard Bungalow #6,PR0286,1.0,,
UN0452,,LaJoya1 Standard Bungalow #7,PR0286,1.0,,
UN0453,,LaJoya1 Standard Bungalow #8,PR0286,1.0,,
UN0454,,LaJoya1 Standard Room #22,PR0286,1.0,,
UN0455,,LaJoya1 Standard Room #23,PR0286,1.0,,
UN0456,,LaJoya1 Std Family Room #24,PR0286,1.0,,
UN0457,,LaJoya1 Std Family Room #24 + 1 extra person,PR0286,1.0,,
UN0458,,LaJoya1 Std Family Room #24 + 2 extra people,PR0286,1.0,,
UN0459,,LaJoya1 Superior Family Room #25,PR0286,1.0,,
UN0460,,LaJoya1 Superior Family Room #25 + 1 extra person,PR0286,1.0,,
UN0461,,LaJoya1 Superior Family Room #25 + 2 extra people,PR0286,1.0,,
UN0462,,Lalang Puluh,PR0000,1.0,,
UN0463,2018-05-18,Le Yanandra - 1,PR0031,1.0,,
UN0464,2018-05-18,Le Yanandra - 2,PR0031,1.0,,
UN0465,2018-05-18,Le Yanandra - 3,PR0031,1.0,,
UN0466,2018-05-18,Le Yanandra - 4,PR0031,1.0,,
UN0467,2018-05-18,Le Yanandra - 5,PR0031,1.0,,
UN0468,,Lebak Guesthouse - 1,PR0140,1.0,,
UN0469,,Lebak Guesthouse - 2 (Twin),PR0140,1.0,,
UN0470,,Lebak Guesthouse - 3,PR0140,1.0,,
UN0471,,Lebak Guesthouse - 4,PR0140,1.0,,
UN0472,,Lebak Guesthouse - 5,PR0140,1.0,,
UN0473,,Lebak Guesthouse - 6,PR0140,1.0,,
UN0474,,Lebak Guesthouse - 7,PR0140,1.0,,
UN0475,,Lebak Guesthouse - 8,PR0140,1.0,,
UN0476,,Lebak Guesthouse - 9 (Master),PR0140,1.0,,
UN0477,,Lebak Residence - King 4,PR0288,1.0,,
UN0478,,Lebak Residence - King 7,PR0288,1.0,,
UN0479,,Lebak Residence - Suite 1,PR0288,1.0,,
UN0480,,Lebak Residence - Suite 2,PR0288,1.0,,
UN0481,,Lebak Residence - Suite 3,PR0288,1.0,,
UN0482,,Lebak Residence - Twin 5,PR0288,1.0,,
UN0483,,Lebak Residence - Twin 6,PR0288,1.0,,
UN0484,,Lebak Residence - Wooden 1,PR0288,1.0,,
UN0485,,Lebak Residence - Wooden 2,PR0288,1.0,,
UN0486,,Lemon Guesthouse - 1,PR0239,1.0,,
UN0487,,Lemon Guesthouse - 2,PR0239,1.0,,
UN0488,,Lemon Guesthouse - 3,PR0239,1.0,,
UN0489,,Lemon Guesthouse - 4,PR0239,1.0,,
UN0490,,Lemon Guesthouse - 5,PR0239,1.0,,
UN0491,,Lemon Guesthouse - 6,PR0239,1.0,,
UN0492,,Like at Home,PR0191,1.0,,
UN0493,,Like at Home - Std,PR0000,1.0,,
UN0494,,Like at Home Room #1,PR0000,1.0,,
UN0495,,Like at Home Room #2,PR0000,1.0,,
UN0496,,Like at Home Room #4,PR0000,1.0,,
UN0497,,Like at Home Room #5,PR0000,1.0,,
UN0498,,Like at Home Room #6,PR0000,1.0,,
UN0499,,LJBB Bungalow #10,PR0238,1.0,,
UN0500,,LJBB Bungalow #10 + 1 extra person,PR0238,1.0,,
UN0501,,LJBB Bungalow #10 + 1 extra person + 1 rollaway bed,PR0238,1.0,,
UN0502,,LJBB Bungalow #11,PR0238,1.0,,
UN0503,,LJBB Bungalow #11 + 1 rollaway bed,PR0238,1.0,,
UN0504,,LJBB Bungalow #12,PR0238,1.0,,
UN0505,,LJBB Bungalow #12 + 1 extra person,PR0238,1.0,,
UN0506,,LJBB Bungalow #12 + 1 rollaway bed,PR0238,1.0,,
UN0507,,LJBB Bungalow #14,PR0238,1.0,,
UN0508,,LJBB Bungalow #14 + 1 extra person,PR0238,1.0,,
UN0509,,LJBB Bungalow #14 + 1 rollaway bed,PR0238,1.0,,
UN0510,,LJBB Bungalow #15,PR0238,1.0,,
UN0511,,LJBB Bungalow #15 + 1 extra person,PR0238,1.0,,
UN0512,,LJBB Bungalow #15 + 1 extra person + 1 rollaway bed,PR0238,1.0,,
UN0513,,LJBB Bungalow #16,PR0238,1.0,,
UN0514,,LJBB Bungalow #16 + 1 extra person,PR0238,1.0,,
UN0515,,LJBB Bungalow #16 + 1 extra person + 1 rollaway  bed,PR0238,1.0,,
UN0516,,LJBB Bungalow #17,PR0238,1.0,,
UN0517,,LJBB Bungalow #17 + 1 Extra Person,PR0238,1.0,,
UN0518,,LJBB Bungalow #17 + 1 rollaway bed,PR0238,1.0,,
UN0519,,LJBB Bungalow #18,PR0238,1.0,,
UN0520,,LJBB Bungalow #18 + 1 Extra Person,PR0238,1.0,,
UN0521,,LJBB Bungalow #18 + 1 rollaway bed,PR0238,1.0,,
UN0522,,LJBB Bungalow #18 + 2 rollaway beds,PR0238,1.0,,
UN0523,,LJBB Bungalow #19,PR0238,1.0,,
UN0524,,LJBB Bungalow #20,PR0238,1.0,,
UN0525,,LJBB Bungalow #20 + 1 extra person,PR0238,1.0,,
UN0526,,LJBB Bungalow #21,PR0238,1.0,,
UN0527,,LJBB Bungalow #21 + 1 rolaway bed,PR0238,1.0,,
UN0528,,LJBB Bungalow #22,PR0238,1.0,,
UN0529,,LJBB Bungalow #22 + 1 extra person,PR0238,1.0,,
UN0530,,LJBB Bungalow #22 + 1 Rollaway bed,PR0238,1.0,,
UN0531,,LJBB Nina #1,PR0238,1.0,,
UN0532,,LJBB Nina #1 + 1 extra person,PR0238,1.0,,
UN0533,,LJBB Nina #1 + 2 extra people,PR0238,1.0,,
UN0534,,LJBB Nina #2,PR0238,1.0,,
UN0535,,LJBB Nina #2 + 1 extra person,PR0238,1.0,,
UN0536,,LJBB Nina #2 + 2 extra people,PR0238,1.0,,
UN0537,,LJBB Nina #3,PR0238,1.0,,
UN0538,,LJBB Nina #3 + 1 extra person,PR0238,1.0,,
UN0539,,LJBB Nina #3 + 2 extra people,PR0238,1.0,,
UN0540,,LJBB Nina #4,PR0238,1.0,,
UN0541,,LJBB Nina #4 + 1 extra person,PR0238,1.0,,
UN0542,,LJBB Nina #4 + 2 extra people,PR0238,1.0,,
UN0543,,LJBB Nina #5,PR0238,1.0,,
UN0544,,LJBB Nina #5 + 1 extra person,PR0238,1.0,,
UN0545,,LJBB Nina #5 + 2 extra people,PR0238,1.0,,
UN0546,,LJBB Nina #6,PR0238,1.0,,
UN0547,,LJBB Nina #6 + 1 extra person,PR0238,1.0,,
UN0548,,LJBB Nina #6 + 2 extra people,PR0238,1.0,,
UN0549,,LJBB Pool Side,PR0238,1.0,,
UN0550,,LJBB Shaka #1,PR0238,1.0,,
UN0551,,LJBB Shaka #1 + 1 extra person,PR0238,1.0,,
UN0552,,LJBB Shaka #1 + 2 extra people,PR0238,1.0,,
UN0553,,LJBB Shaka #2,PR0238,1.0,,
UN0554,,LJBB Shaka #2 + 1 extra person,PR0238,1.0,,
UN0555,,LJBB Shaka #2 + 2 extra people,PR0238,1.0,,
UN0556,,LJBB Shaka #3,PR0238,1.0,,
UN0557,,LJBB Shaka #3 + 1 extra person,PR0238,1.0,,
UN0558,,LJBB Shaka #3 + 2 extra people,PR0238,1.0,,
UN0559,,LJBB Shaka #4,PR0238,1.0,,
UN0560,,LJBB Shaka #4 + 1 extra person,PR0238,1.0,,
UN0561,,LJBB Shaka #4 + 2 extra people,PR0238,1.0,,
UN0562,,LJBB Shaka #5,PR0238,1.0,,
UN0563,,LJBB Shaka #5 + 1 extra person,PR0238,1.0,,
UN0564,,LJBB Shaka #5 + 2 extra people,PR0238,1.0,,
UN0565,,LJBB Shaka #6,PR0238,1.0,,
UN0566,,LJBB Shaka #6 + 1 extra person,PR0238,1.0,,
UN0567,,LJBB Shaka #6 + 2 extra people,PR0238,1.0,,
UN0568,,LJBB Shaka/Nina,PR0238,1.0,,
UN0569,,LJBB Shaka/Nina - 2 bedrooms,PR0238,1.0,,
UN0570,,LJBB Shaka/Nina - 3 bedrooms,PR0238,1.0,,
UN0571,,Made Roejas Homestay - 1,PR0141,1.0,,
UN0572,,Made Roejas Homestay - 2,PR0141,1.0,,
UN0573,,Made Roejas Homestay - 2BR,PR0141,2.0,,
UN0574,,Made Roejas Homestay - 3,PR0141,1.0,,
UN0575,,Made Roejas Homestay - 4,PR0141,1.0,,
UN0576,,Made Roejas Homestay - 3BR,PR0141,3.0,,
UN0577,,Made Roejas Homestay - 4BR,PR0141,4.0,,
UN0578,,Maha Lahksmi - 1 ( 2 BR ),PR0289,2.0,,
UN0579,,Maha Lahksmi - 2 ( 1 BR ),PR0289,1.0,,
UN0580,,Maha Lahksmi - 3 ( 1 BR ),PR0289,1.0,,
UN0581,,Maha Lahksmi - 4,PR0289,1.0,,
UN0582,,Maha Ungasan - 01 (Private Pool),PR0240,1.0,,
UN0583,,Maha Ungasan - 02 (Private Pool),PR0240,1.0,,
UN0584,,Maha Ungasan - 03 (Garden View),PR0240,1.0,,
UN0585,,Maha Ungasan - 04 (Garden View),PR0240,1.0,,
UN0586,,Maha Ungasan - 05 (Garden View),PR0240,1.0,,
UN0587,,Maha Ungasan - 06 (Garden View),PR0240,1.0,,
UN0588,,Maha Ungasan - 07 (Garden View),PR0240,1.0,,
UN0589,,Maha Ungasan - 08 (Garden View),PR0240,1.0,,
UN0590,,Maha Ungasan - 09 (Garden View),PR0240,1.0,,
UN0591,,Maha Ungasan - 10 (Garden View),PR0240,1.0,,
UN0592,,Mandala House,PR0192,3.0,,
UN0593,,Margonda Residence - Barel #1,PR0142,1.0,,
UN0594,,Margonda Residence - Barel #2,PR0142,1.0,,
UN0595,,Margonda Residence - Barel #3,PR0142,1.0,,
UN0596,,Margonda Residence - Barel #4,PR0142,1.0,,
UN0597,,Margonda Residence - Tika #1,PR0290,1.0,,
UN0598,,Margonda Residence - Tika #2,PR0290,1.0,,
UN0599,,Margonda Residence - Tika #4,PR0290,1.0,,
UN0600,,Margonda Residence - Tike #3,PR0290,1.0,,
UN0601,,Me Villa - A ( 2BR ),PR0241,2.0,,
UN0602,,Me Villa - B ( 1BR ),PR0241,1.0,,
UN0603,,Me Villa - C ( 1BR ),PR0241,1.0,,
UN0604,,Me Villa - D ( 1BR ),PR0241,1.0,,
UN0605,,Me Villa - E ( 1BR ),PR0241,1.0,,
UN0606,,Moyo & Son Surf Stay - 101 - Twin,PR0193,1.0,,
UN0607,,Moyo & Son Surf Stay - 102 - Double,PR0193,1.0,,
UN0608,,Moyo & Son Surf Stay - 103 - Double,PR0193,1.0,,
UN0609,,Moyo & Son Surf Stay - 104 - Double,PR0193,1.0,,
UN0610,,Moyo & Son Surf Stay - 105 - Double,PR0193,1.0,,
UN0611,,Moyo & Son Surf Stay - 106 - Double,PR0193,1.0,,
UN0612,,Moyo & Son Surf Stay - 107 - Twin,PR0193,1.0,,
UN0613,,Moyo & Son Surf Stay - 108 - Twin,PR0193,1.0,,
UN0614,,Moyo & Son Surf Stay - 109 - Whole Dorm,PR0193,1.0,,
UN0615,,Moyo & Son Surf Stay - 109 - Dorm 2 Person,PR0193,1.0,,
UN0616,,Moyo & Son Surf Stay - 109 - Dorm 1,PR0193,1.0,,
UN0617,,Moyo & Son Surf Stay - 109 - Dorm 2,PR0193,1.0,,
UN0618,,Moyo & Son Surf Stay - 109 - Dorm 3,PR0193,1.0,,
UN0619,,Moyo & Son Surf Stay - 109 - Dorm 4,PR0193,1.0,,
UN0620,,Moyo & Son Surf Stay - 109 - Dorm 5,PR0193,1.0,,
UN0621,,Moyo & Son Surf Stay - 109 - Dorm 6,PR0193,1.0,,
UN0622,,Moyo & Son Surf Stay - 109 - Dorm 7,PR0193,1.0,,
UN0623,,Moyo & Son Surf Stay - 109 - Dorm 8,PR0193,1.0,,
UN0624,,Moyo & Son Surf Stay - 201 - Twin,PR0193,1.0,,
UN0625,,Moyo & Son Surf Stay - 202 - Twin,PR0193,1.0,,
UN0626,,Moyo & Son Surf Stay - 203 - Twin,PR0193,1.0,,
UN0627,,Moyo & Son Surf Stay - 204 - Double,PR0193,1.0,,
UN0628,,Moyo & Son Surf Stay - 205 - Double,PR0193,1.0,,
UN0629,,Moyo & Son Surf Stay - 206 - Double,PR0193,1.0,,
UN0630,,Moyo & Son Surf Stay - 207 - Double,PR0193,1.0,,
UN0631,,Moyo & Son Surf Stay - 301 - Double,PR0193,1.0,,
UN0632,,Moyo & Son Surf Stay - 302 - Double,PR0193,1.0,,
UN0633,,Moyo & Son Surf Stay - 303 - Double,PR0193,1.0,,
UN0634,,Moyo & Son Surf Stay - 304 - Double,PR0193,1.0,,
UN0635,,Moyo & Son Surf Stay - 305 - Double,PR0193,1.0,,
UN0636,,Moyo & Son Surf Stay - 306 - Double,PR0193,1.0,,
UN0637,,My Rock-a-Villa,PR0143,3.0,,
UN0638,,My Villa 2BR,PR0292,2.0,,
UN0639,,My Villa 3BR,PR0292,3.0,,
UN0640,2017-12-07,Ndalem Kasongan - 1,PR0079,1.0,,
UN0641,2017-12-07,Ndalem Kasongan - 2,PR0079,1.0,,
UN0642,2017-12-07,Ndalem Kasongan - 3 (shared bathroom),PR0079,1.0,,
UN0643,2017-12-07,Ndalem Kasongan - 4 (shared bathroom),PR0079,1.0,,
UN0644,2017-12-07,Ndalem Kasongan - 5,PR0079,1.0,,
UN0645,,Ndalem Natan - 1,PR0194,1.0,,
UN0646,,Ndalem Natan - 2,PR0194,1.0,,
UN0647,,Ndalem Natan - 3,PR0194,1.0,,
UN0648,,Ndalem Natan - 4,PR0194,1.0,,
UN0649,,Ndalem Natan - 5,PR0194,1.0,,
UN0650,,Ndalem Natan - 6,PR0194,1.0,,
UN0651,,Ndalem Ngabean Double - 1,PR0144,1.0,,
UN0652,,Ndalem Ngabean Double - 2,PR0144,1.0,,
UN0653,,Ndalem Ngabean Double - 3,PR0144,1.0,,
UN0654,,Ndalem Ngabean Double - 4,PR0144,1.0,,
UN0655,,Ndalem Ngabean Double - 5,PR0144,1.0,,
UN0656,,Ndalem Ngabean Double - 6,PR0144,1.0,,
UN0657,,Ndalem Ngabean Family - 1,PR0144,1.0,,
UN0658,,Ndalem Ngabean Family - 2,PR0144,1.0,,
UN0659,,Ndalem Ngabean Family - 3,PR0144,1.0,,
UN0660,,Ndalem Ngabean Family - 4,PR0144,1.0,,
UN0661,,Ndalem Ngabean Family - 5,PR0144,1.0,,
UN0662,,Ndalem Ngabean Family - 6,PR0144,1.0,,
UN0663,,Ndalem Ngabean Family - 7,PR0144,1.0,,
UN0664,,Ndalem Panembahan - 1,PR0293,1.0,,
UN0665,,Ndalem Panembahan - 2,PR0293,1.0,,
UN0666,,Ndalem Panembahan - 3,PR0293,1.0,,
UN0667,,Ndalem Panembahan - 4,PR0293,1.0,,
UN0668,,Ndalem Panembahan - 5,PR0293,1.0,,
UN0669,,Ndalem Panembahan - 6,PR0293,1.0,,
UN0670,,Ndalem Panembahan - Whole Villa,PR0293,6.0,,
UN0671,,NDBV Lot 3,PR0242,3.0,,
UN0672,,NDBV Lot 6,PR0196,6.0,,
UN0673,,Ocho Bali Villa - Deluxe,PR0145,1.0,,
UN0674,,Ocho Bali Villa - Standard,PR0145,1.0,,
UN0675,,Omah Gerjen 29 - 1A,PR0294,1.0,,
UN0676,,Omah Gerjen 29 - 1B,PR0294,1.0,,
UN0677,,Omah Gerjen 29 - 2A,PR0294,1.0,,
UN0678,,Omah Gerjen 29 - 2B,PR0294,1.0,,
UN0679,,Omah Gerjen 29 - 3A,PR0294,1.0,,
UN0680,,Omah Gerjen 29 - 3B,PR0294,1.0,,
UN0681,,Omah Gerjen 3A & 3B,PR0294,2.0,,
UN0682,,Omah Gerjen 29 - 3BR,PR0294,3.0,,
UN0683,,Omah Lila - 1,PR0243,1.0,,
UN0684,,Omah Lila - 2,PR0243,1.0,,
UN0685,,Omah Lila - 2BR,PR0243,2.0,,
UN0686,,Omah Lila - 3,PR0243,1.0,,
UN0687,,Omah Lila - 3BR,PR0243,3.0,,
UN0688,,Padang Padang View - 1,PR0197,1.0,,
UN0689,,Padang Padang View - 2,PR0197,1.0,,
UN0690,,Padang Padang View - 3,PR0197,1.0,,
UN0691,,Padang Padang View - 4,PR0197,1.0,,
UN0692,,Peacock Ubud Inn - 1,PR0146,1.0,,
UN0693,,Peacock Ubud Inn - 10,PR0146,1.0,,
UN0694,,Peacock Ubud Inn - 11,PR0146,1.0,,
UN0695,,Peacock Ubud Inn - 2,PR0146,1.0,,
UN0696,,Peacock Ubud Inn - 3,PR0146,1.0,,
UN0697,,Peacock Ubud Inn - 4,PR0146,1.0,,
UN0698,,Peacock Ubud Inn - 5,PR0146,1.0,,
UN0699,,Peacock Ubud Inn - 6,PR0146,1.0,,
UN0700,,Peacock Ubud Inn - 7,PR0146,1.0,,
UN0701,,Peacock Ubud Inn - 8,PR0146,1.0,,
UN0702,,Peacock Ubud Inn - 9,PR0146,1.0,,
UN0703,,Pendopo Andari Deluxe  - 7,PR0295,1.0,,
UN0704,,Pendopo Andari - 02,PR0295,1.0,,
UN0705,,Pendopo Andari - 03,PR0295,1.0,,
UN0706,,Pejaten Valley - Deluxe 1,PR0244,1.0,,
UN0707,,Pejaten Valley - Executive 1,PR0244,1.0,,
UN0708,,Pejaten Valley - Executive 2,PR0244,1.0,,
UN0709,,Pejaten Valley - Family Room 1,PR0244,1.0,,
UN0710,,Pondok Lulik - 07,PR0198,1.0,,
UN0711,,Pondok Lulik - 08,PR0198,1.0,,
UN0712,,Pondok Lulik - 09,PR0198,1.0,,
UN0713,,Pondok Lulik - 10,PR0198,1.0,,
UN0714,,Pondok Lulik - 11,PR0198,1.0,,
UN0715,,Pondok Lulik - 12,PR0198,1.0,,
UN0716,,Pondok Lulik - 14,PR0198,1.0,,
UN0717,,Pondok Lulik - 15,PR0198,1.0,,
UN0718,,Pondok Lulik - 16,PR0198,1.0,,
UN0719,,Pondok Lulik - 17,PR0198,1.0,,
UN0720,,Pondok Lulik - 18 (Bunk Bed),PR0198,1.0,,
UN0721,,Pondok Lulik - 19 (Bunk Bed),PR0198,1.0,,
UN0722,,8br Pondok Lulik,PR0198,8.0,,
UN0723,,Pondok Lulik - Wooden #T1,PR0198,1.0,,
UN0724,,Pondok Lulik - Wooden #T2,PR0198,1.0,,
UN0725,,Pondok Lulik - Wooden #T3,PR0198,1.0,,
UN0726,,Pondok Lulik - Wooden #D1,PR0198,1.0,,
UN0727,,Pramestha Resort Town - Alinda A8 - Bambang,PR0147,1.0,,
UN0728,,Pramestha Resort Town - Alinda A9 - Bambang,PR0147,1.0,,
UN0729,,Pramestha Resort Town - Alinda B22 - Bambang,PR0147,1.0,,
UN0730,,Pramestha Resort Town - ZIzi,PR0296,1.0,,
UN0731,,Puri Kelapa - 01 (Twin),PR0245,1.0,,
UN0732,,Puri Kelapa - 02,PR0245,1.0,,
UN0733,,Puri Kelapa - 03 (Twin),PR0245,1.0,,
UN0734,,Puri Kelapa - 04,PR0245,1.0,,
UN0735,,Puri Kelapa - 05,PR0245,1.0,,
UN0736,,Puri Kelapa - 06,PR0245,1.0,,
UN0737,,Puri Kelapa - 07,PR0245,1.0,,
UN0738,,Puri Kelapa - 08 (Twin),PR0245,1.0,,
UN0739,,Puri Kelapa - 09,PR0245,1.0,,
UN0740,,Puri Kelapa - 10,PR0245,1.0,,
UN0741,,Puri Kelapa - 11 (Twin),PR0245,1.0,,
UN0742,,Puri Kelapa - 12,PR0245,1.0,,
UN0743,,Puri Kelapa - A1 (Twin),PR0245,1.0,,
UN0744,,Puri Kelapa - A2 (Double),PR0245,1.0,,
UN0745,,Puri Kelapa - B1 (Twin),PR0245,1.0,,
UN0746,,Puri Kelapa - B2 (Double),PR0245,1.0,,
UN0747,,Puri Kelapa - C1 (Double),PR0245,1.0,,
UN0748,,Puri Kelapa - C2 (Twin),PR0245,1.0,,
UN0749,,Puri Kelapa - D1 (Twin),PR0245,1.0,,
UN0750,,Puri Kelapa - D2 (Double),PR0245,1.0,,
UN0751,,Puri Kelapa - E (Double),PR0245,1.0,,
UN0752,,Puri Kelapa - Family 1,PR0245,1.0,,
UN0753,,Puri Kelapa - Family 2,PR0245,1.0,,
UN0754,,Puri Langenarjan - Deluxe 1,PR0199,1.0,,
UN0755,,Puri Langenarjan - Deluxe 2,PR0199,1.0,,
UN0756,,Puri Langenarjan - Deluxe 3,PR0199,1.0,,
UN0757,,Puri Langenarjan - Deluxe 4,PR0199,1.0,,
UN0758,,Puri Langenarjan - Deluxe 5,PR0199,1.0,,
UN0759,,Puri Minggiran - 1,PR0148,1.0,,
UN0760,,Puri Minggiran - 2,PR0148,1.0,,
UN0761,,Puri Minggiran - 3,PR0148,1.0,,
UN0762,,Puri Minggiran - 4,PR0148,1.0,,
UN0763,,Puri Minggiran - 5,PR0148,1.0,,
UN0764,,Puri Minggiran - 6,PR0148,1.0,,
UN0765,,Puri Minggiran - 7,PR0148,1.0,,
UN0766,,Puri Pandawa - Deluxe 1,PR0297,1.0,,
UN0767,,Puri Pandawa - Deluxe 2,PR0297,1.0,,
UN0768,,Puri Pandawa - Deluxe 3,PR0297,1.0,,
UN0769,,Puri Pandawa - Deluxe 4,PR0297,1.0,,
UN0770,,Puri Pandawa - Joglo 1,PR0297,1.0,,
UN0771,,Puri Pandawa - Joglo 2,PR0297,1.0,,
UN0772,,Puri Pandawa - Joglo 3,PR0297,1.0,,
UN0773,,Puri Pandawa - Joglo 4,PR0297,1.0,,
UN0774,,Puri Pandawa - Suite 1,PR0297,1.0,,
UN0775,,Puri Pandawa - Suite 2,PR0297,1.0,,
UN0776,,Puri Pandawa - Suite 3,PR0297,1.0,,
UN0777,,Puri Pandawa - Suite 4,PR0297,1.0,,
UN0778,,Puri Sabina - 01 (Standard),PR0246,1.0,,
UN0779,,Puri Sabina - 02 (Standard),PR0246,1.0,,
UN0780,,Puri Sabina - 03 (Deluxe),PR0246,1.0,,
UN0781,,Puri Sabina - 04 (Deluxe),PR0246,1.0,,
UN0782,,Puri Sabina - 05 (Deluxe),PR0246,1.0,,
UN0783,,Puri Sabina - 06 (Deluxe Pool View),PR0246,1.0,,
UN0784,,Puri Sabina - Deluxe Pool View,PR0246,1.0,,
UN0785,,Puri Sabina - Standard,PR0246,1.0,,
UN0786,,Rajaklana - Stone house 1,PR0014,1.0,,
UN0787,,Rajaklana - Wood house 1,PR0014,1.0,,
UN0788,,Rama Village #1 - Shita 1,PR0200,1.0,,
UN0789,,Rama Village #1 - Shita 2,PR0200,1.0,,
UN0790,,Rama Village #2 - Laksamana 1,PR0200,1.0,,
UN0791,,Rama Village #2 - Laksamana 2,PR0200,1.0,,
UN0792,,Rama Village #3 - Barata 1,PR0200,1.0,,
UN0793,,Rama Village #4 - Barata 2,PR0200,1.0,,
UN0794,,Rama Village #5 - Satrugna 1,PR0200,1.0,,
UN0795,,Rama Village #5 - Satrugna 2,PR0200,1.0,,
UN0796,,Rama Village 2BR,PR0200,2.0,,
UN0797,,Redsalt - Joglo 3br,PR0255,3.0,,
UN0798,,Redsalt - Lumbung 1,PR0255,1.0,,
UN0799,,Redsalt - Lumbung 2,PR0255,1.0,,
UN0800,,Riverside - Family 1,PR0149,1.0,,
UN0801,,Riverside - Family 2,PR0149,1.0,,
UN0802,,Riverside - Romantic 1,PR0149,1.0,,
UN0803,,Riverside - Romantic 2,PR0149,1.0,,
UN0804,,Roemah Boedi - Keputren 1,PR0298,1.0,,
UN0805,,Roemah Boedi - Keputren 2,PR0298,1.0,,
UN0806,,Roemah Boedi - Keputren 3,PR0298,1.0,,
UN0807,,Roemah Boedi - Keputren 4,PR0298,1.0,,
UN0808,,Roemah Boedi - Keputren 5,PR0298,1.0,,
UN0809,,Roemah Boedi - Keputren 6,PR0298,1.0,,
UN0810,,Roemah Boedi - Keputren 7,PR0298,1.0,,
UN0811,,Roemah Boedi - Keputren 8,PR0298,1.0,,
UN0812,,Roemah Boedi - Keputran 1,PR0298,1.0,,
UN0813,,Roemah Boedi - Keputran 2,PR0298,1.0,,
UN0814,,Royal Majestic 2BR,PR0247,2.0,,
UN0815,,Royal Majestic 3BR,PR0247,3.0,,
UN0816,,Rumah Eyang,PR0201,3.0,,
UN0817,,Rumah Lavia - Joglo,PR0150,1.0,,
UN0818,,Rumah Lavia - Omah Diandra 1,PR0150,1.0,,
UN0819,,Rumah Lavia - Omah Diandra 2,PR0150,1.0,,
UN0820,,Rumah Sarengat - 1 Double,PR0299,1.0,,
UN0821,,Rumah Sarengat - 2 Double,PR0299,1.0,,
UN0822,,Rumah Sarengat - 3 Twin,PR0299,1.0,,
UN0823,,Rumah Sarengat - 4 Double,PR0299,1.0,,
UN0824,,Rumah Sarengat - 5 Double,PR0299,1.0,,
UN0825,,Rumah Sarengat - 6 Double,PR0299,1.0,,
UN0826,,Rumah Sarengat - Full House,PR0299,6.0,,
UN0827,,Rumah Teteh,PR0248,5.0,,
UN0828,,Sahid Residence - 28D - Pak Ade,PR0202,1.0,,
UN0829,,Sahid Sudirman Residence - 27B,PR0151,1.0,,
UN0830,,Sakura Deluxe - 1,PR0300,1.0,,
UN0831,,Sakura Deluxe - 10,PR0300,1.0,,
UN0832,,Sakura Deluxe - 2,PR0300,1.0,,
UN0833,,Sakura Deluxe - 3,PR0300,1.0,,
UN0834,,Sakura Deluxe - 4,PR0300,1.0,,
UN0835,,Sakura Deluxe - 5,PR0300,1.0,,
UN0836,,Sakura Deluxe - 6,PR0300,1.0,,
UN0837,,Sakura Deluxe - 7,PR0300,1.0,,
UN0838,,Sakura Deluxe - 8,PR0300,1.0,,
UN0839,,Sakura Deluxe - 9,PR0300,1.0,,
UN0840,,Sakura Suite - 1,PR0300,1.0,,
UN0841,,Sakura Suite - 2,PR0300,1.0,,
UN0842,,Sakura Suite - 3,PR0300,1.0,,
UN0843,,Sakura Suite - 4,PR0300,1.0,,
UN0844,,Sakura Superior - 1,PR0300,1.0,,
UN0845,,Sakura Superior - 10,PR0300,1.0,,
UN0846,,Sakura Superior - 11,PR0300,1.0,,
UN0847,,Sakura Superior - 12,PR0300,1.0,,
UN0848,,Sakura Superior - 13,PR0300,1.0,,
UN0849,,Sakura Superior - 14,PR0300,1.0,,
UN0850,,Sakura Superior - 15,PR0300,1.0,,
UN0851,,Sakura Superior - 16,PR0300,1.0,,
UN0852,,Sakura Superior - 17,PR0300,1.0,,
UN0853,,Sakura Superior - 18,PR0300,1.0,,
UN0854,,Sakura Superior - 19,PR0300,1.0,,
UN0855,,Sakura Superior - 2,PR0300,1.0,,
UN0856,,Sakura Superior - 20,PR0300,1.0,,
UN0857,,Sakura Superior - 21,PR0300,1.0,,
UN0858,,Sakura Superior - 22,PR0300,1.0,,
UN0859,,Sakura Superior - 23,PR0300,1.0,,
UN0860,,Sakura Superior - 24,PR0300,1.0,,
UN0861,,Sakura Superior - 25,PR0300,1.0,,
UN0862,,Sakura Superior - 26,PR0300,1.0,,
UN0863,,Sakura Superior - 27,PR0300,1.0,,
UN0864,,Sakura Superior - 28,PR0300,1.0,,
UN0865,,Sakura Superior - 29,PR0300,1.0,,
UN0866,,Sakura Superior - 3,PR0300,1.0,,
UN0867,,Sakura Superior - 30,PR0300,1.0,,
UN0868,,Sakura Superior - 31,PR0300,1.0,,
UN0869,,Sakura Superior - 32,PR0300,1.0,,
UN0870,,Sakura Superior - 33,PR0300,1.0,,
UN0871,,Sakura Superior - 34,PR0300,1.0,,
UN0872,,Sakura Superior - 35,PR0300,1.0,,
UN0873,,Sakura Superior - 36,PR0300,1.0,,
UN0874,,Sakura Superior - 4,PR0300,1.0,,
UN0875,,Sakura Superior - 5,PR0300,1.0,,
UN0876,,Sakura Superior - 6,PR0300,1.0,,
UN0877,,Sakura Superior - 7,PR0300,1.0,,
UN0878,,Sakura Superior - 8,PR0300,1.0,,
UN0879,,Sakura Superior - 9,PR0300,1.0,,
UN0880,,Sanata Yoga Guesthouse - 1,PR0249,1.0,,
UN0881,,Sanata Yoga Guesthouse - 2,PR0249,1.0,,
UN0882,,Sanata Yoga Guesthouse - 3,PR0249,1.0,,
UN0883,,Sanata Yoga Guesthouse - 4,PR0249,1.0,,
UN0884,,Sanata Yoga Guesthouse - 5,PR0249,1.0,,
UN0885,,Sanata Yoga Guesthouse - 6,PR0249,1.0,,
UN0886,,Sanata Yoga Guesthouse - 7,PR0249,1.0,,
UN0887,,Sanata Yoga Guesthouse - 8,PR0249,1.0,,
UN0888,,Sanata Yoga Guesthouse - 9,PR0249,1.0,,
UN0889,,Sanata Yoga Guesthouse - 10,PR0249,1.0,,
UN0890,,Santosha 1BR Villa - 1,PR0203,1.0,,
UN0891,,Santosha 1BR Villa - 2,PR0203,1.0,,
UN0892,,Santosha 1BR Villa - 3,PR0203,1.0,,
UN0893,,Santosha 1BR Villa - 4,PR0203,1.0,,
UN0894,,Santosha 1BR Villa - 5,PR0203,1.0,,
UN0895,,Santosha 1BR Villa - 6,PR0203,1.0,,
UN0896,,Santosha Suite - 1,PR0203,1.0,,
UN0897,,Santosha Suite - 2,PR0203,1.0,,
UN0898,,Saveria Apartment - Steve,PR0153,1.0,,
UN0899,,Sawah Joglo - Deluxe 1,PR0301,1.0,,
UN0900,,Sawah Joglo - Deluxe 2,PR0301,1.0,,
UN0901,,Sawah Joglo - Deluxe 3,PR0301,1.0,,
UN0902,,Sawah Joglo - Deluxe 4,PR0301,1.0,,
UN0903,,Sawah Joglo - Deluxe 5,PR0301,1.0,,
UN0904,,Sawah Joglo - Deluxe 6,PR0301,1.0,,
UN0905,,Sawah Joglo - Deluxe 7,PR0301,1.0,,
UN0906,,Sawah Joglo - Deluxe 8,PR0301,1.0,,
UN0907,,Sawah Joglo - Family 2BR 1,PR0301,2.0,,
UN0908,,Sawah Joglo - Family 2BR 2,PR0301,2.0,,
UN0909,,Sawah Joglo - Suite 1,PR0301,1.0,,
UN0910,,Sawah Joglo - Suite 2,PR0301,1.0,,
UN0911,,Secret Garden 1BR,PR0250,1.0,,
UN0912,,Secret Garden 2BR,PR0250,2.0,,
UN0913,,Serpong Greenview Apartment - 19,PR0204,1.0,,
UN0914,,Serpong Greenview Apartment - 9,PR0204,1.0,,
UN0915,,Siaga Raya 3 - Unit 3a,PR0155,3.0,,
UN0916,,Siaga Raya 3 - Unit 3b,PR0155,3.0,,
UN0917,,Siaga Raya 3 - Unit N,PR0155,3.0,,
UN0918,,Siaga Raya 3 Villas - 2 Villas,PR0155,3.0,,
UN0919,,Siaga Raya 3 Villas - 3 Villas,PR0155,3.0,,
UN0920,,Singga Jo Villa,PR0302,,,
UN0921,,Sisin Uma Homestay - Double 1,PR0251,1.0,,
UN0922,,Sisin Uma Homestay - Double 2,PR0251,1.0,,
UN0923,,Sisin Uma Homestay - Double 3,PR0251,1.0,,
UN0924,,Sisin Uma Homestay - Double 4,PR0251,1.0,,
UN0925,,Sisin Uma Homestay - Double 5,PR0251,1.0,,
UN0926,,Sisin Uma Homestay - Double 6,PR0251,1.0,,
UN0927,,Sisin Uma Homestay - Double 7,PR0251,1.0,,
UN0928,,Sisin Uma Homestay - Twin 1,PR0251,1.0,,
UN0929,,Sisin Uma Homestay - Twin 2,PR0251,1.0,,
UN0930,,Sleeping Buddha,PR0205,3.0,,
UN0931,,Srikandi Guesthouse - 1,PR0156,1.0,,
UN0932,,Srikandi Guesthouse - 2,PR0156,1.0,,
UN0933,,Srikandi Guesthouse - 3,PR0156,1.0,,
UN0934,,Srikandi Guesthouse - 4,PR0156,1.0,,
UN0935,,Srikandi Guesthouse - 8 Bedrooms,PR0156,8.0,,
UN0936,,Summerhouse,PR0303,5.0,,
UN0937,,Sunset Condotel Kuta,PR0252,2.0,,
UN0938,,Suparsa Guesthouse,PR0206,1.0,,
UN0939,,Surf Lodge,PR0157,1.0,,
UN0940,,Swan House,PR0000,1.0,,
UN0941,,Taman Asih - Superior Twins 1,PR0304,1.0,,
UN0942,,Taman Asih - Superior Twins 2,PR0304,1.0,,
UN0943,,Taman Asih - Superior Twins 3,PR0304,1.0,,
UN0944,,Taman Asih - Superior Twins 4,PR0304,1.0,,
UN0945,,Taman Asih - Superior Twins 5,PR0304,1.0,,
UN0946,,Taman Asih - Deluxe Double 16,PR0304,1.0,,
UN0947,,Taman Asih - Deluxe Double 17,PR0304,1.0,,
UN0948,,Taman Asih - Deluxe Double 18,PR0304,1.0,,
UN0949,,Taman Asih - Deluxe Double 19,PR0304,1.0,,
UN0950,,Taman Asih - Deluxe Double 20,PR0304,1.0,,
UN0951,,Taman Amartha - 1,PR0253,1.0,,
UN0952,,Taman Amartha - 2,PR0253,1.0,,
UN0953,,Taman Amartha - 3,PR0253,1.0,,
UN0954,,Taman Amartha - 4,PR0253,1.0,,
UN0955,,Taman Amartha - Deluxe,PR0000,1.0,,
UN0956,,Taman Amartha - Standard,PR0253,1.0,,
UN0957,,Taman Amertha - 10,PR0253,1.0,,
UN0958,,Taman Amertha - 11,PR0253,1.0,,
UN0959,,Taman Amertha - 12,PR0253,1.0,,
UN0960,,Taman Amertha - 13,PR0253,1.0,,
UN0961,,Taman Amertha - 14,PR0253,1.0,,
UN0962,,Taman Amertha - 5,PR0253,1.0,,
UN0963,,Taman Amertha - 6,PR0253,1.0,,
UN0964,,Taman Amertha - 7,PR0253,1.0,,
UN0965,,Taman Amertha - 8,PR0253,1.0,,
UN0966,,Taman Amertha - 9,PR0253,1.0,,
UN0967,,Taman Bintang #1 - Concrete Dbl (Legong),PR0207,1.0,,
UN0968,,Taman Bintang #2 - Concrete Twn (Condong),PR0207,1.0,,
UN0969,,Taman Bintang #3 - Concrete Twn (Oleg),PR0207,1.0,,
UN0970,,Taman Bintang #4 - Wooden Dbl (Barong),PR0207,1.0,,
UN0971,,Taman Bintang #5 - Wooden Dbl ( Baris ),PR0207,1.0,,
UN0972,,Taman Bintang #6 - Wooden Twn (Jauk),PR0207,1.0,,
UN0973,,Taman Bintang #7 - Wooden Dbl (Topeng),PR0207,1.0,,
UN0974,,Taman Melati Margonda - Fia #1A,PR0158,1.0,,
UN0975,,Taman Melati Margonda - Fia #1B,PR0158,1.0,,
UN0976,,Tamu Ibu,PR0305,4.0,,
UN0977,,Tembi Rumah Budaya - Gandjuran,PR0208,1.0,,
UN0978,,Tembi Rumah Budaya - Ngadirojo,PR0208,1.0,,
UN0979,,Tembi Rumah Budaya - Badegan,PR0208,1.0,,
UN0980,,Tembi Rumah Budaya - Wuryantoro,PR0208,1.0,,
UN0981,,Tembi Rumah Budaya - Adikarto,PR0208,1.0,,
UN0982,,Tembi Rumah Budaya - Morangan,PR0208,1.0,,
UN0983,,Tembi Rumah Budaya - Polaman,PR0208,1.0,,
UN0984,,Tembi Rumah Budaya - Kriyan Kidul,PR0208,1.0,,
UN0985,,Tembi Rumah Budaya - Kriyan Lor,PR0208,1.0,,
UN0986,,The Alchemist - Blanche Niege,PR0159,1.0,,
UN0987,,The Alchemist - Family Bungalow,PR0159,1.0,,
UN0988,,The Alchemist - Le Petit Prince,PR0159,1.0,,
UN0989,,The Alchemist - Mykonos,PR0159,1.0,,
UN0990,,The Alchemist - One Love,PR0159,1.0,,
UN0991,,The Alchemist - Romeo,PR0159,1.0,,
UN0992,,The Alchemist - Romeo & Mykonos,PR0159,2.0,,
UN0993,,The Alchemist - Puri Putih,PR0159,1.0,,
UN0994,,The Beach House,PR0108,2.0,,
UN0995,,The Brothers,PR0000,1.0,,
UN0996,,The Gong - 2BR,PR0254,2.0,,
UN0997,,The Gong - 3BR,PR0254,3.0,,
UN0998,,The Gong - 4BR,PR0254,4.0,,
UN0999,,The Gong - 5BR,PR0254,5.0,,
UN1000,,The Gong - 214 (Double),PR0254,1.0,,
UN1001,,The Gong - 215 (Double),PR0254,1.0,,
UN1002,,The Gong - 216 (Double),PR0254,1.0,,
UN1003,,The Gong - 217 (Double),PR0254,1.0,,
UN1004,,The Gong - 218 (Double),PR0254,1.0,,
UN1005,,The Gong - 219 (Double),PR0254,1.0,,
UN1006,,The Gong - 220 (Double),PR0254,1.0,,
UN1007,,The Gong - 221 (Double),PR0254,1.0,,
UN1008,,The Gong - 222 (Double),PR0254,1.0,,
UN1009,,The Gong - 223 (Double),PR0254,1.0,,
UN1010,,The Gong - 224 (Double Ocean View),PR0254,1.0,,
UN1011,,The Gong - 101 (Twin),PR0254,1.0,,
UN1012,,The Gong - 102 (Twin),PR0254,1.0,,
UN1013,,The Gong - 103 (Twin),PR0254,1.0,,
UN1014,,The Gong - 104 (Twin),PR0254,1.0,,
UN1015,,The Gong - 105 (Twin),PR0254,1.0,,
UN1016,,The Gong - 106 (Twin),PR0254,1.0,,
UN1017,,The Gong - 107 (Twin),PR0254,1.0,,
UN1018,,The Gong - 108 (Twin),PR0254,1.0,,
UN1019,,The Hideaway - 1,PR0209,1.0,,
UN1020,,The Hideaway - 2,PR0209,1.0,,
UN1021,,The Hideaway - 3,PR0209,1.0,,
UN1022,,The Hideaway - 4,PR0209,1.0,,
UN1023,2017-12-09,The Jarrdin 2BR - C228 - Rahmat,PR0078,2.0,,
UN1024,2017-12-09,The Jarrdin 2BR - C522 - Rahmat,PR0078,2.0,,
UN1025,2017-12-09,The Jarrdin 2BR - C527 - Rahmat,PR0078,2.0,,
UN1026,2017-12-09,The Jarrdin 2BR - C1116 - Rahmat,PR0078,2.0,,
UN1027,2017-12-09,The Jarrdin Studio 1 - Rahmat,PR0078,1.0,,
UN1028,2017-12-09,The Jarrdin Studio 2 - Rahmat,PR0078,1.0,,
UN1029,,The Jepun - 1,PR0220,1.0,,
UN1030,,The Jepun - 2,PR0220,1.0,,
UN1031,,The Jepun - 3,PR0220,1.0,,
UN1032,,The Jepun - 4,PR0220,1.0,,
UN1033,,The Kayuri - 1,PR0109,1.0,,
UN1034,,The Kayuri - 2,PR0109,1.0,,
UN1035,,The Kharma Villa - 1,PR0256,1.0,,
UN1036,,The Kharma Villa - 2 (master room),PR0256,3.0,,
UN1037,,The Kharma Villa - 3,PR0256,3.0,,
UN1038,,The Kharma Villa - 4,PR0256,3.0,,
UN1039,,The Kharma Villa - 5,PR0256,3.0,,
UN1040,,The Kharma Villa - 6,PR0256,3.0,,
UN1041,,The Kharma Villa - 7,PR0256,3.0,,
UN1042,,The Pakis Hostel,PR0211,1.0,,
UN1043,,The Paving - Deluxe Double 1,PR0161,1.0,,
UN1044,,The Paving - Deluxe Double 2,PR0161,1.0,,
UN1045,,The Paving - Deluxe 3,PR0161,1.0,,
UN1046,,The Paving - Deluxe 4,PR0161,1.0,,
UN1047,,The Paving - Deluxe 5,PR0161,1.0,,
UN1048,,The Paving - Deluxe Twin 1,PR0161,1.0,,
UN1049,,The Paving - Super Deluxe 1,PR0161,1.0,,
UN1050,,The Paving - Super Deluxe 2,PR0161,1.0,,
UN1051,,The Paving - Super Deluxe 3,PR0161,1.0,,
UN1052,,The Paving - Super Deluxe 4,PR0161,1.0,,
UN1053,,The White House,PR0111,5.0,,
UN1054,,Three Monkeys - Deluxe 1 (double),PR0258,1.0,,
UN1055,,Three Monkeys - Deluxe 2 (twin),PR0258,1.0,,
UN1056,,Three Monkeys - Standard 1 (twin),PR0258,1.0,,
UN1057,,Three Monkeys - Standard 2 (double),PR0258,1.0,,
UN1058,,Tirtha Canggu Suites - 01,PR0213,1.0,,
UN1059,,Tirtha Canggu Suites - 02,PR0213,1.0,,
UN1060,,Tirtha Canggu Suites - 03,PR0213,1.0,,
UN1061,,Tirtha Canggu Suites - 04,PR0213,1.0,,
UN1062,,Tirtha Canggu Suites - 05,PR0213,1.0,,
UN1063,,Tirtha Canggu Suites - 06,PR0213,1.0,,
UN1064,,Tirtha Canggu Suites - 07,PR0213,1.0,,
UN1065,,Tirtha Canggu Suites - 08,PR0213,1.0,,
UN1066,,Tirtha Canggu Suites - 09,PR0213,1.0,,
UN1067,,Tirtha Canggu Suites - 10,PR0213,1.0,,
UN1068,,Tirtha Canggu Suites - 11,PR0213,1.0,,
UN1069,,Tirtha Canggu Suites - 12,PR0213,1.0,,
UN1070,,Tirtha Canggu Suites - 13,PR0213,1.0,,
UN1071,,Tirtha Canggu Suites - 14,PR0213,1.0,,
UN1072,,Tirtha Canggu Suites - 15,PR0213,1.0,,
UN1073,,Tirtha Canggu Suites - 16,PR0213,1.0,,
UN1074,,Tirtha Canggu Suites - 17,PR0213,1.0,,
UN1075,,Tirtha Canggu Suites - 18,PR0213,1.0,,
UN1076,,Tirtha Canggu Suites - 19,PR0213,1.0,,
UN1077,,Tirtha Canggu Suites - 20,PR0213,1.0,,
UN1078,,Tirtha Canggu Suites - 21,PR0213,1.0,,
UN1079,,Tirtha Canggu Suites - 22,PR0213,1.0,,
UN1080,,Tirtha Canggu Suites - 2BR,PR0213,2.0,,
UN1081,,Tirtha Canggu Suites - 8BR,PR0213,8.0,,
UN1082,,Tirto Raharjo - 1,PR0163,1.0,,
UN1083,,Tirto Raharjo - 2,PR0163,1.0,,
UN1084,,Tirto Raharjo - 3,PR0163,1.0,,
UN1085,,Tirto Raharjo - 4,PR0163,1.0,,
UN1086,,Tirto Raharjo - 5,PR0163,1.0,,
UN1087,,Treehouse Suites - 1-Bedroom,PR0113,1.0,,
UN1088,,Treehouse Suites - Deluxe,PR0113,1.0,,
UN1089,,Treehouse Suites - Economy,PR0113,1.0,,
UN1090,,Treehouse Suites - Executive,PR0113,1.0,,
UN1091,,Treehouse Suites - Premium Executive,PR0113,1.0,,
UN1092,,Treehouse Suites - Superior,PR0113,1.0,,
UN1093,,Ubud Indah,PR0260,3.0,,
UN1094,,Uluwatu Breeze - Twin,PR0000,1.0,,
UN1095,,Uluwatu Cottages - 11 (Double),PR0215,1.0,,
UN1096,,Uluwatu Cottages - 12 (Double),PR0215,1.0,,
UN1097,,Uluwatu Cottages - 13 (Double),PR0215,1.0,,
UN1098,,Uluwatu Cottages - 14 (Double),PR0215,1.0,,
UN1099,,Uluwatu Cottages - 15 (Double),PR0215,1.0,,
UN1100,,Uluwatu Cottages - 16 (Double),PR0215,1.0,,
UN1101,,Uluwatu Cottages - 17 (Double),PR0215,1.0,,
UN1102,,Uluwatu Cottages - 18 (Double),PR0215,1.0,,
UN1103,,Uluwatu Cottages - 19 (Double),PR0215,1.0,,
UN1104,,Uluwatu Cottages - 2 bedrooms,PR0215,1.0,,
UN1105,,Uluwatu Cottages - 20 (Double),PR0215,1.0,,
UN1106,,Uluwatu Cottages - 21 (Twin),PR0215,1.0,,
UN1107,,Uluwatu Cottages - 22 (Twin),PR0215,1.0,,
UN1108,,Uluwatu Cottages - 23 (Twin),PR0215,1.0,,
UN1109,,Uluwatu Cottages - 24 (Twin),PR0215,1.0,,
UN1110,,Uluwatu Cottages - 25 (Suite),PR0215,1.0,,
UN1111,,Uluwatu Cottages - 26 (Suite),PR0215,1.0,,
UN1112,,Uluwatu Cottages - 27 (Suite),PR0215,1.0,,
UN1113,,Uluwatu Cottages - 28 (Suite),PR0215,1.0,,
UN1114,,Uluwatu Cottages - 3 bedrooms,PR0215,3.0,,
UN1115,,Uluwatu Cottages - Double,PR0215,1.0,,
UN1116,,Uluwatu Cottages - Suite,PR0215,1.0,,
UN1117,,Uluwatu Jungle Villa - 1,PR0165,1.0,,
UN1118,,Uluwatu Jungle Villa - 2,PR0165,1.0,,
UN1119,,Uluwatu Jungle Villa - 2BR,PR0165,2.0,,
UN1120,,Uluwatu Jungle Villa - 3,PR0165,1.0,,
UN1121,,Uluwatu Jungle Villa - 3BR,PR0165,3.0,,
UN1122,,Uluwatu Jungle Villa - 4,PR0165,1.0,,
UN1123,,Uluwatu Jungle Villa - 4BR,PR0165,4.0,,
UN1124,,Uluwatu Jungle Villa - 5,PR0165,1.0,,
UN1125,,Uluwatu Jungle Villa - 8BR,PR0165,8.0,,
UN1126,,Uluwatu Jungle Villa - 5BR,PR0165,5.0,,
UN1127,,Uluwatu Jungle Villa - 6,PR0165,1.0,,
UN1128,,Uluwatu Jungle Villa - 7,PR0165,1.0,,
UN1129,,Uluwatu Jungle Villa - 8,PR0165,1.0,,
UN1130,,Uluwatu Jungle Villa - 9,PR0165,1.0,,
UN1131,,Uluwatu Jungle Villa - 10,PR0165,1.0,,
UN1132,,Uluwatu Village House - 1,PR0115,1.0,,
UN1133,,Uluwatu Village House - 2,PR0115,1.0,,
UN1134,,Uluwatu Village House - 2BR,PR0115,2.0,,
UN1135,,Uluwatu Village House - Bungalow 1,PR0115,1.0,,
UN1136,,Uluwatu Village House - Bungalow 2,PR0115,1.0,,
UN1137,,Uluwatu Village House - Bungalow 3,PR0115,1.0,,
UN1138,,Uluwatu Village House - Bungalow 4,PR0115,1.0,,
UN1139,,Uluwatu Village House - Bungalow 5,PR0115,1.0,,
UN1140,,V Residence - Deluxe,PR0262,1.0,,
UN1141,,V Residence - Suite,PR0262,1.0,,
UN1142,,V Residence - Superior,PR0262,1.0,,
UN1143,,Villa 9 Nelayan - 01,PR0217,1.0,,
UN1144,,Villa 9 Nelayan - 02,PR0217,1.0,,
UN1145,,Villa 9 Nelayan - 03,PR0217,1.0,,
UN1146,,Villa 9 Nelayan - 04 (bunk bed),PR0217,1.0,,
UN1147,,Villa 9 Nelayan - 05 (bunk bed),PR0217,1.0,,
UN1148,,Villa 9 Nelayan - 06 (bunk bed),PR0217,1.0,,
UN1149,,Villa 9 Nelayan - 07,PR0217,1.0,,
UN1150,,Villa 9 Nelayan - 08,PR0217,1.0,,
UN1151,,Villa 9 Nelayan - 09,PR0217,1.0,,
UN1152,,Villa 9 Nelayan - 10,PR0217,1.0,,
UN1153,,Villa 9 Nelayan - 11,PR0217,1.0,,
UN1154,,Villa 9 Nelayan - 12,PR0217,1.0,,
UN1155,,Villa Ajee,PR0167,2.0,,
UN1156,,Villa Akara,PR0117,2.0,,
UN1157,,Villa Akilea - 1,PR0264,2.0,,
UN1158,,Villa Akilea - 2,PR0264,2.0,,
UN1159,,Villa Akilea - 3,PR0264,4.0,,
UN1160,,Villa Akilea - 4,PR0264,3.0,,
UN1161,,Villa Akilea - 5,PR0264,3.0,,
UN1162,,Villa AKL - Langit 1,PR0219,2.0,,
UN1163,,Villa AKL - Langit 2,PR0219,2.0,,
UN1164,,Villa AKL - Tukad 1,PR0219,2.0,,
UN1165,,Villa AKL - Tukad 2,PR0219,2.0,,
UN1166,,Villa Anak,PR0169,4.0,,
UN1167,,Villa Anak 2nd listing,PR0169,4.0,,
UN1168,,Villa Arca,PR0119,,,
UN1169,,Villa Arindra - 1,PR0112,1.0,,
UN1170,,Villa Arindra - 2,PR0112,1.0,,
UN1171,,Villa Arindra - 2 bedrooms,PR0112,2.0,,
UN1172,,Villa Arindra - 3,PR0112,1.0,,
UN1173,,Villa Arindra - 4,PR0112,1.0,,
UN1174,,Villa Asmara,PR0266,3.0,,
UN1175,,Villa Asmara - 2br,PR0266,2.0,,
UN1176,,Villa Ayunan,PR0221,3.0,,
UN1177,,Villa Bagus,PR0171,3.0,,
UN1178,,Villa Bali Cliff,PR0121,3.0,,
UN1179,,Villa Bambu - 1,PR0268,1.0,,
UN1180,,Villa Bambu - 2,PR0268,1.0,,
UN1181,,Villa Bambu - 3,PR0268,1.0,,
UN1182,,Villa Be Home,PR0223,4.0,,
UN1183,,Villa Bening,PR0173,3.0,,
UN1184,,Villa Bening - 2br,PR0173,2.0,,
UN1185,,Villa Bening - 3br,PR0173,3.0,,
UN1186,,Villa Bija - 3 bedroom villa,PR0123,3.0,,
UN1187,,Villa Bija - 6 bedroom villa,PR0123,6.0,,
UN1188,,Villa Bija - Apartment - 2BR,PR0123,2.0,,
UN1189,,Villa Bija - Apartment 2 (double),PR0123,1.0,,
UN1190,,Villa Bija - Apartment 3 (Double),PR0123,1.0,,
UN1191,,Villa Bija - Apartment 1,PR0123,1.0,,
UN1192,,Villa Bija - Apartment 4,PR0123,1.0,,
UN1193,,Villa Bija - Apartment 5,PR0123,1.0,,
UN1194,,Villa Bija - Apartment 6,PR0123,1.0,,
UN1195,,Villa Bingin Luna,PR0270,4.0,,
UN1196,,Pondok Ijo - Villa Bougenvile,PR0225,2.0,,
UN1197,,Pondok Ijo - Green,PR0225,1.0,,
UN1198,,Pondok Ijo - Red,PR0225,1.0,,
UN1199,,Pondok Ijo - Garden,PR0225,1.0,,
UN1200,,Pondok Ijo - Mozaic 3,PR0000,1.0,,
UN1201,,Pondok Ijo - Mozaic1,PR0000,1.0,,
UN1202,,Villa Bukit Surf,PR0175,3.0,,
UN1203,,Villa Bulan,PR0125,3.0,,
UN1204,,Villa Bulan 2nd listing,PR0125,3.0,,
UN1205,,Villa Cahaya,PR0125,3.0,,
UN1206,,Villa Cerita Indah,PR0272,5.0,,
UN1207,,Villa Chicken Nuggets,PR0000,,,
UN1208,,Villa Diana,PR0000,,,
UN1209,,Villa Driftwood,PR0227,,,
UN1210,,Villa Entre Amis,PR0177,5.0,,
UN1211,,Villa Enzo,PR0127,,,
UN1212,,Villa Esther,PR0000,,,
UN1213,2017-01-22,Villa Ganesha,PR0103,4.0,,
UN1214,2017-12-12,Villa Hali Bali - 1 Bedroom,PR0076,1.0,,
UN1215,2017-12-12,Villa Hali Bali - 2 Bedroom,PR0076,2.0,,
UN1216,2017-12-12,Villa Hali Bali - Entire Villa,PR0076,3.0,,
UN1217,,Villa Hari Indah,PR0179,,,
UN1218,2017-02-03,Villa Idaman - 1,PR0101,1.0,,
UN1219,2017-02-03,Villa Idaman - 2,PR0101,1.0,,
UN1220,2017-02-03,Villa Idaman - Whole Villa,PR0101,2.0,,
UN1221,,Villa Indigo,PR0275,,,
UN1222,2017-05-27,Villa Istana Willy,PR0093,2.0,,
UN1223,2017-05-27,2BR - Villa Istana Willy,PR0093,2.0,,
UN1224,2017-11-11,Villa Jonson,PR0082,1.0,,
UN1225,2016-08-01,Villa Kama - 1,PR0104,2.0,,
UN1226,2016-08-01,Villa Kama - 1 2nd listing,PR0104,3.0,,
UN1227,2016-08-01,Villa Kama - 2,PR0104,3.0,,
UN1228,2016-08-01,Villa Kama - 3,PR0104,2.0,,
UN1229,2016-08-01,Villa Kama - 4,PR0104,3.0,,
UN1230,2017-05-29,Villa Kanha,PR0092,2.0,,
UN1231,2017-11-06,Villa Karang,PR0083,4.0,,
UN1232,,Villa Khaleesi,PR0182,,,
UN1233,2016-08-01,Gili Khumba Villas - 1 (1br),PR0133,1.0,,
UN1234,2016-08-01,Gili Khumba Villas - 2 (1br),PR0133,1.0,,
UN1235,2016-08-01,Gili Khumba Villas - 3 (2br),PR0133,2.0,,
UN1236,2016-08-01,Gili Khumba Villas - 4 (1br),PR0133,1.0,,
UN1237,2016-08-01,Gili Khumba Villas - 5 (2br),PR0133,2.0,,
UN1238,2016-08-01,Gili Khumba Villas - 6 (1br),PR0133,1.0,,
UN1239,2016-06-30,Villa Kura Kura,PR0105,4.0,,
UN1240,2017-12-07,Villa Lila Loka - 1 (Double),PR0080,1.0,,
UN1241,2017-12-07,Villa Lila Loka - 1 (Twin),PR0080,1.0,,
UN1242,2017-12-07,Villa Lila Loka - 2 (Double),PR0080,1.0,,
UN1243,2017-12-07,Villa Lila Loka - 2 (Twin),PR0080,1.0,,
UN1244,2017-12-07,Villa Lila Loka - 3 (Double),PR0080,1.0,,
UN1245,2017-12-07,Villa Lila Loka - 3 (Twin),PR0080,1.0,,
UN1246,2017-12-07,Villa Lila Loka - 4 (Double),PR0080,1.0,,
UN1247,2017-12-07,Villa Lila Loka - 4 (Twin),PR0080,1.0,,
UN1248,2017-12-07,Villa Lila Loka - 5 (Double),PR0080,1.0,,
UN1249,2017-12-07,Villa Lila Loka - 5 (Twin),PR0080,1.0,,
UN1250,2017-12-07,Villa Lila Loka - 6 (Double),PR0080,1.0,,
UN1251,2017-12-07,Villa Lila Loka - 7 (Double),PR0080,1.0,,
UN1252,2016-06-30,Villa Loluan - 1,PR0107,3.0,,
UN1253,2016-06-30,Villa Loluan - 2,PR0107,3.0,,
UN1254,2017-02-20,Villa Malindo,PR0098,3.0,,
UN1255,,Villa Mandalay,PR0132,,,
UN1256,2017-06-25,Villa Matahari,PR0091,3.0,,
UN1257,2017-12-10,Villa Mediapura - B,PR0077,3.0,,
UN1258,2017-12-10,Villa Mediapura - E,PR0077,3.0,,
UN1259,2017-12-10,Villa Mediapura - F,PR0077,3.0,,
UN1260,2017-12-10,Villa Mediapura - J,PR0077,3.0,,
UN1261,2017-07-31,Villa Megalan,PR0089,2.0,,
UN1262,2017-07-31,Villa Megalan - 1,PR0089,2.0,,
UN1263,2017-07-31,Villa Megalan - 2,PR0089,2.0,,
UN1264,2017-03-31,Villa Merdu,PR0097,3.0,,
UN1265,2017-03-31,Villa Merdu 2nd listing,PR0097,3.0,,
UN1266,,Villa Moyo Unit 3,PR0280,,,
UN1267,2017-02-16,Villa Mundaka,PR0099,3.0,,
UN1268,,Villa Mynah,PR0000,,,
UN1269,2017-01-22,Villa Nazeki - 1,PR0102,4.0,,
UN1270,2017-01-22,Villa Nazeki - 2,PR0102,4.0,,
UN1271,2017-01-22,Villa Nazeki - 3,PR0102,4.0,,
UN1272,2017-01-22,Villa Nazeki - 4,PR0102,4.0,,
UN1273,2017-01-22,Villa Nazeki - 5,PR0102,4.0,,
UN1274,,Villa Ombak,PR0000,,,
UN1275,2016-06-30,Villa Papaya,PR0106,3.0,,
UN1276,,Villa Plumeria,PR0000,,,
UN1277,2016-08-01,Villa Purnama,PR0082,3.0,,
UN1278,2016-08-01,Villa Purnama 2nd listing,PR0082,3.0,,
UN1279,2017-05-19,Villa Savasana,PR0094,3.0,,
UN1280,2017-07-21,Villa Shanti 2BR,PR0090,2.0,,
UN1281,2017-07-21,Villa Shanti 3BR,PR0090,3.0,,
UN1282,2017-07-21,Villa Shanti 5BR,PR0090,5.0,,
UN1283,,Villa Singa,PR0187,,,
UN1284,,Villa Singa - 1br,PR0187,,,
UN1285,,Villa Singa - 2br,PR0187,,,
UN1286,,Villa Singa - 3br,PR0187,,,
UN1287,,Villa Singa - 6br,PR0187,,,
UN1288,,Villa Sonia,PR0136,,,
UN1289,,Villa Sotis,PR0283,3.0,,
UN1290,2017-05-09,Villa Sunia,PR0095,,,
UN1291,2017-05-09,Villa Sunia - 1,PR0095,2.0,,
UN1292,2017-05-09,Villa Sunia - 2,PR0000,2.0,,
UN1293,2017-08-16,Villa Tortoise,PR0088,4.0,,
UN1294,2017-08-16,Villa Tortoise - Entire Property,PR0088,6.0,,
UN1295,2017-08-16,Villa Tortoise - Room 1,PR0088,1.0,,
UN1296,2017-08-16,Villa Tortoise - Room 2,PR0088,1.0,,
UN1297,2017-08-16,Villa Tortoise - Room 2 2nd listing,PR0088,1.0,,
UN1298,2017-04-11,Villa Toya,PR0096,2.0,,
UN1299,2017-04-11,Villa Toya 2nd listing,PR0096,2.0,,
UN1300,,Villa Tropicana,PR0285,,,
UN1301,,Villa Tykhe,PR0237,,,
UN1302,2017-09-02,Villa Vintage 1,PR0087,2.0,,
UN1303,2016-06-30,Villa Zen,PR0106,3.0,,
UN1304,,Villas Kemang Timur - 5,PR0139,,,
UN1305,,Vivo Villas B Unit,PR0287,,,
UN1306,2017-10-21,VOC Guesthouse - 1,PR0084,1.0,,
UN1307,2017-10-21,VOC Guesthouse - 2,PR0084,1.0,,
UN1308,2017-10-21,VOC Guesthouse - 3,PR0084,1.0,,
UN1309,2017-10-21,VOC Guesthouse - 4,PR0084,1.0,,
UN1310,2017-10-21,VOC Guesthouse - 5,PR0084,1.0,,
UN1311,2017-10-21,VOC Guesthouse - 6,PR0084,1.0,,
UN1312,,White Coconut,PR0190,,,
UN1313,2018-01-09,Watusaman Fullhouse,PR0071,7.0,,
UN1314,2018-01-09,Watusaman - Deluxe,PR0071,1.0,,
UN1315,2018-01-09,Watusaman - Standard,PR0071,1.0,,
UN1316,2018-01-09,Watusaman - Superior 1,PR0071,1.0,,
UN1317,2018-01-09,Watusaman - Superior 2,PR0071,1.0,,
UN1318,2018-01-09,Watusaman - Superior 3,PR0071,1.0,,
UN1319,2018-01-09,Watusaman - Superior 4,PR0071,1.0,,
UN1320,2018-01-09,Watusaman - Superior 5,PR0071,1.0,,
UN1321,2017-02-16,Wira Homestay - 10,PR0100,1.0,,
UN1322,2017-02-16,Wira Homestay - 11,PR0100,1.0,,
UN1323,2017-02-16,Wira Homestay - 12,PR0100,1.0,,
UN1324,2017-02-16,Wira Homestay - 14,PR0100,1.0,,
UN1325,2017-02-16,Wira Homestay - 15,PR0100,1.0,,
UN1326,2017-02-16,Wira Homestay - 16,PR0100,1.0,,
UN1327,2017-02-16,Wira Homestay - 18,PR0100,1.0,,
UN1328,2017-02-16,Wira Homestay - 19,PR0100,1.0,,
UN1329,2017-02-16,Wira Homestay - 20,PR0100,1.0,,
UN1330,2017-02-16,Wira Homestay - 21,PR0100,1.0,,
UN1331,2017-02-16,Wira Homestay - 22,PR0100,1.0,,
UN1332,2017-09-21,Wiras Village - 1 (double),PR0086,1.0,,
UN1333,2017-09-21,Wiras Village - 2 (double),PR0086,1.0,,
UN1334,2017-09-21,Wiras Village - Twin 1,PR0086,1.0,,
UN1335,2017-11-27,Yoga Searcher - 1,PR0081,1.0,,
UN1336,2017-11-27,Yoga Searcher - 2,PR0081,1.0,,
UN1337,2017-11-27,Yoga Searcher - 3,PR0081,1.0,,
UN1338,2017-11-27,Yoga Searcher - 4,PR0081,1.0,,
UN1339,2017-11-27,Yoga Searcher - 5,PR0081,1.0,,
UN1340,2017-11-27,Yoga Searcher - 6,PR0081,1.0,,
UN1341,2017-11-27,Yoga Searcher - 7,PR0081,1.0,,
UN1342,2017-11-27,Yoga Searcher - 8,PR0081,1.0,,
UN1343,2017-12-29,Dago Village - Bu Luki,PR0075,,,
UN1344,2017-12-28,Dago Village - Bu Ami,PR0075,,,
UN1345,2018-01-06,Dago Village - Bu Fenti - SkyFall Villa,PR0075,3.0,,
UN1346,2018-01-06,Dago Village - Bu Fenti - SkyFall Villa 2nd listing,PR0075,3.0,,
UN1347,2018-01-04,Denpasar Residence - 2BR - A,PR0129,2.0,,
UN1348,2018-01-04,Denpasar Residence - 2BR - B,PR0129,2.0,,
UN1349,2018-01-04,Villa Rizki,PR0074,3.0,,
UN1350,2018-01-04,Adi Bali Homestay - T1,PR0073,1.0,,
UN1351,2018-01-04,Adi Bali Homestay - T2,PR0073,1.0,,
UN1352,2018-01-04,Adi Bali Homestay - D1,PR0073,1.0,,
UN1353,2018-01-04,Adi Bali Homestay - D2,PR0073,1.0,,
UN1354,2018-01-07,Villa Rama,PR0072,3.0,,
UN1355,2018-01-07,Villa Sinta,PR0072,3.0,,
UN1356,2017-12-09,The Jarrdin 2BR - C2229 - Rahmat,PR0078,2.0,,
UN1357,2017-12-10,Villa Mediapura - 2 Villas - F&J,PR0077,3.0,,
UN1358,2018-01-11,Rumah Eyang,PR0201,,,
UN1359,2018-01-14,Kubu Pande Homestay - Double 1,PR0070,1.0,,
UN1360,2018-01-14,Kubu Pande Homestay - Double 2,PR0070,1.0,,
UN1361,2018-01-14,Kubu Pande Homestay - Double 3,PR0070,1.0,,
UN1362,2018-01-14,Kubu Pande Homestay - Double 4,PR0070,1.0,,
UN1363,2018-01-14,Kubu Pande Homestay - Twin 1,PR0070,1.0,,
UN1364,2018-01-14,Kubu Pande Homestay - Double 5,PR0070,1.0,,
UN1365,2018-01-14,Kubu Pande Homestay - Double 6,PR0070,1.0,,
UN1366,2018-01-14,Kubu Pande Homestay - 2 Rooms,PR0070,2.0,,
UN1367,,Indira Cottage - Standard 1,PR0291,,,
UN1368,,Indira Cottage - Superior 1,PR0291,,,
UN1369,,Indira Cottage - Deluxe 1,PR0291,,,
UN1370,2018-01-19,Bamboo Villa - 1,PR0067,3.0,,
UN1371,2017-12-07,Ndalem Kasongan - Whole House,PR0079,5.0,,
UN1372,2018-01-25,Villa The Cantri - 3BR Hook,PR0066,3.0,,
UN1373,2018-01-25,Villa The Cantri - 3BR Standard,PR0066,3.0,,
UN1374,2018-01-25,Villa The Cantri - 2BR,PR0066,2.0,,
UN1375,2018-01-28,808 Residence - Family Room,PR0210,1.0,,
UN1376,2018-01-28,808 Residence - Standard Room,PR0210,1.0,,
UN1377,2018-01-28,808 Residence - Deluxe Room,PR0210,1.0,,
UN1378,2018-01-28,808 Residence - Apartment,PR0210,1.0,,
UN1379,2017-06-15,Kampung Jimba - Ulu A,PR0135,1.0,,
UN1380,2017-06-15,Kampung Jimba - Ulu B,PR0135,1.0,,
UN1381,2017-06-15,Kampung Jimba - Nias A,PR0135,1.0,,
UN1382,2017-06-15,Kampung Jimba - Nias B,PR0135,1.0,,
UN1383,2017-10-06,D'Java Timuran - 1,PR0085,1.0,,
UN1384,2017-10-06,D'Java Timuran - 2,PR0085,1.0,,
UN1385,2017-10-06,D'Java Timuran - 3,PR0085,1.0,,
UN1386,2017-10-06,D'Java Timuran - 4,PR0085,1.0,,
UN1387,2017-10-06,D'Java Timuran - 5,PR0085,1.0,,
UN1388,2017-10-06,D'Java Timuran - 6,PR0085,1.0,,
UN1389,2017-10-06,D'Java Timuran - 7,PR0085,1.0,,
UN1390,2017-10-06,D'Java Timuran - 8,PR0085,1.0,,
UN1391,2018-01-31,Rumah Kemang 50,PR0063,3.0,,
UN1392,2018-01-28,Pendopo 26 ( Whole Villa ),PR0065,8.0,,
UN1393,,Dago Butik Apartment,PR0195,1.0,,
UN1394,2018-02-06,Griya Siwi,PR0060,3.0,,
UN1395,2018-02-14,Teges Asri - 1,PR0057,1.0,,
UN1396,2018-02-14,Teges Asri - 2,PR0057,1.0,,
UN1397,2018-02-14,Teges Asri - 3,PR0057,1.0,,
UN1398,2018-02-14,Teges Asri - 4,PR0057,1.0,,
UN1399,2018-02-14,Teges Asri - 5,PR0057,1.0,,
UN1400,2018-02-14,Teges Asri - 6,PR0057,1.0,,
UN1401,2018-02-14,Teges Asri - 7 (studio),PR0057,1.0,,
UN1402,2018-02-14,Teges Asri - 7 BR,PR0057,7.0,,
UN1403,2018-02-14,Teges Asri - 2 BR,PR0057,2.0,,
UN1404,2018-01-17,Roemah Canting - Std Single - Galaran,PR0069,1.0,,
UN1405,2018-01-17,Roemah Canting - Std Double - Byok,PR0069,1.0,,
UN1406,2018-01-17,Roemah Canting - Std Double - Liman,PR0069,1.0,,
UN1407,2018-01-17,Roemah Canting - Std Double - Nembok,PR0069,1.0,,
UN1408,2018-01-17,Roemah Canting - Std Double - Cecekani,PR0069,1.0,,
UN1409,2018-01-17,Roemah Canting - Std Twin - Nitik,PR0069,1.0,,
UN1410,2018-01-17,Roemah Canting - Std Dlx - Wayang,PR0069,1.0,,
UN1411,2018-01-17,Roemah Canting - Std Dlx - Nyamplung,PR0069,1.0,,
UN1412,2018-01-17,Roemah Canting - Std Dlx Twin - Loron ( T ),PR0069,1.0,,
UN1413,2018-01-17,Roemah Canting - Std Dlx - RengReng,PR0069,1.0,,
UN1414,2018-01-17,Roemah Canting - Fam -  Telon,PR0069,1.0,,
UN1415,2018-01-17,Roemah Canting - Whole House,PR0069,11.0,,
UN1416,2018-01-30,JogjaDreams Family Villa,PR0064,2.0,,
UN1417,2018-02-19,Griya Wirosaban,PR0055,3.0,,
UN1418,2018-02-07,Griya Asih - 1 ( Twin ),PR0059,1.0,,
UN1419,2018-02-07,Griya Asih - 2 ( Twin ),PR0059,1.0,,
UN1420,2018-02-07,Griya Asih - 3 ( Double ),PR0059,1.0,,
UN1421,2018-02-07,Griya Asih - 4 ( Double ),PR0059,1.0,,
UN1422,2018-02-07,Griya Asih - 5 ( Twin ),PR0059,1.0,,
UN1423,2018-02-07,Griya Asih - 6 ( Double ),PR0059,1.0,,
UN1424,2018-02-07,Griya Asih - Whole villa,PR0059,6.0,,
UN1425,2018-02-13,Tegal Panggung - Deluxe 1,PR0058,1.0,,
UN1426,2018-02-13,Tegal Panggung - Deluxe 2,PR0058,1.0,,
UN1427,2018-02-13,Tegal Panggung - Deluxe 3,PR0058,1.0,,
UN1428,2018-02-13,Tegal Panggung - Deluxe 4,PR0058,1.0,,
UN1429,2018-02-13,Tegal Panggung - Deluxe 5,PR0058,1.0,,
UN1430,2018-02-13,Tegal Panggung - Executive,PR0058,1.0,,
UN1431,2018-02-13,Tegal Panggung - Pavilion,PR0058,1.0,,
UN1432,2018-01-17,Bali Omah - 1 w/ bathroom,PR0068,,,
UN1433,2018-01-17,Bali Omah - 2,PR0068,,,
UN1434,2018-01-17,Bali Omah - 3,PR0068,,,
UN1435,2018-01-17,Bali Omah - 4,PR0068,,,
UN1436,2018-01-17,Bali Omah,PR0068,,,
UN1437,2017-03-20,Villa Merdu - 1,PR0097,1.0,,
UN1438,2017-03-20,Villa Merdu - 2,PR0097,1.0,,
UN1439,2017-03-20,Villa Merdu - 3,PR0097,1.0,,
UN1440,2018-01-27,Pendopo 26 - 2,PR0065,1.0,,
UN1441,2018-01-27,Pendopo 26 - 3 ( Family ),PR0065,1.0,,
UN1442,2018-01-27,Pendopo 26 - 4,PR0065,1.0,,
UN1443,2018-01-27,Pendopo 26 - 5,PR0065,1.0,,
UN1444,2018-01-27,Pendopo 26 - 6,PR0065,1.0,,
UN1445,2018-01-27,Pendopo 26 - 7,PR0065,1.0,,
UN1446,2018-01-27,Pendopo 26 - 8,PR0065,1.0,,
UN1447,2018-01-27,Pendopo 26 - 9,PR0065,1.0,,
UN1448,2018-02-15,Toras Guesthouse - 1,PR0056,1.0,,
UN1449,2018-02-15,Toras Guesthouse - 2,PR0056,1.0,,
UN1450,2018-02-15,Toras Guesthouse - 3,PR0056,1.0,,
UN1451,2018-02-15,Toras Guesthouse - 4,PR0056,1.0,,
UN1452,2018-02-15,Toras Guesthouse - 5,PR0056,1.0,,
UN1453,2018-02-15,Toras Guesthouse - 6,PR0056,1.0,,
UN1454,2018-02-15,Toras Guesthouse - 7,PR0056,1.0,,
UN1455,2018-02-15,Toras Guesthouse - 8,PR0056,1.0,,
UN1456,2018-02-02,Omah Ucok - Wood,PR0062,1.0,,
UN1457,2018-02-02,Omah Ucok - Brick,PR0062,1.0,,
UN1458,2018-02-02,Omah Ucok - Stone,PR0062,1.0,,
UN1459,2018-02-02,Omah Ucok - Family Wood,PR0062,2.0,,
UN1460,2018-02-02,Omah Ucok - Family Brick,PR0062,2.0,,
UN1461,2018-02-03,Rumah Kami,PR0061,7.0,,
UN1462,2018-02-03,Rumah Kami Langenarjan,PR0061,3.0,,
UN1463,2018-03-07,Puri Casablanca - 2BR - Tower C,PR0054,2.0,,
UN1464,2018-03-07,Puri Casablanca - 4BR - Tower D,PR0054,4.0,,
UN1465,2017-12-09,The Jarrdin 2BR - CXXX - Rahmat,PR0078,2.0,,
UN1466,2018-03-24,Villa Casa Mia,PR0050,4.0,,
UN1467,2018-03-24,Villa Casa Mia - Room 1,PR0050,1.0,,
UN1468,2018-03-24,Villa Casa Mia - Room 2,PR0050,1.0,,
UN1469,2018-03-24,Villa Casa Mia - Room 3,PR0050,1.0,,
UN1470,2018-03-24,Villa Casa Mia - Room 4,PR0050,1.0,,
UN1471,2018-03-24,Omah JeTeHa,PR0051,3.0,,
UN1472,2018-03-12,William's Place - Green ( 1st F ),PR0053,,,
UN1473,2018-03-12,William's Place - Blue ( 1st F ),PR0053,,,
UN1474,2018-03-12,William's Place - Brown ( 2nd F ),PR0053,,,
UN1475,2018-03-12,William's Place - Grey ( 2nd F ),PR0053,,,
UN1476,2018-03-12,William's Place - Whole Villa,PR0053,,,
UN1477,2018-03-19,Raka & Rai Guesthouse - 1,PR0052,1.0,,
UN1478,2018-03-19,Raka & Rai Guesthouse - 2,PR0052,1.0,,
UN1479,2018-03-19,Raka & Rai Guesthouse - 3,PR0052,1.0,,
UN1480,2018-03-19,Raka & Rai Guesthouse - 4,PR0052,1.0,,
UN1481,2018-03-19,Raka & Rai Guesthouse - 5,PR0052,1.0,,
UN1482,2018-03-19,Raka & Rai Guesthouse - 6,PR0052,1.0,,
UN1483,2018-03-19,Raka & Rai Guesthouse - 7,PR0052,1.0,,
UN1484,2018-03-19,Raka & Rai Guesthouse - 8,PR0052,1.0,,
UN1485,2018-03-19,Raka & Rai Guesthouse - 9,PR0052,1.0,,
UN1486,2018-03-19,Raka & Rai Guesthouse - 2BR,PR0052,2.0,,
UN1487,2018-03-19,Raka & Rai Guesthouse - 9BR,PR0052,9.0,,
UN1488,2018-03-30,Toya Villa - Orchid 1,PR0049,1.0,,
UN1489,2018-03-30,Toya Villa - Orchid 2,PR0049,1.0,,
UN1490,2018-03-30,Toya Villa - Orchid 3,PR0049,1.0,,
UN1491,2018-03-30,Toya Villa - Orchid 4,PR0049,1.0,,
UN1492,2018-03-30,Toya Villa - Magnolia 1,PR0049,1.0,,
UN1493,2018-03-30,Toya Villa - Magnolia 2,PR0049,1.0,,
UN1494,2018-03-30,Toya Villa - Magnolia 4,PR0049,1.0,,
UN1495,2018-03-30,Toya Villa - Magnolia 5,PR0049,1.0,,
UN1496,2018-03-30,Toya Villa - 9BR,PR0049,9.0,,
UN1497,2018-03-30,Toya Villa - 2BR,PR0049,2.0,,
UN1498,2018-03-01,Wisma Eyang Sosro - 1,PR0015,1.0,,
UN1499,2018-03-01,Wisma Eyang Sosro - 2,PR0015,1.0,,
UN1500,2018-03-01,Wisma Eyang Sosro - 3,PR0015,1.0,,
UN1501,2018-03-01,Wisma Eyang Sosro - 4 (Twin Bed),PR0015,1.0,,
UN1502,2018-03-01,Wisma Eyang Sosro - 5,PR0015,1.0,,
UN1503,2018-03-01,Wisma Eyang Sosro - 6,PR0015,1.0,,
UN1504,2018-03-01,Wisma Eyang Sosro - 7,PR0015,1.0,,
UN1505,2018-03-01,Wisma Eyang Sosro - 8,PR0015,1.0,,
UN1506,2018-03-01,Wisma Eyang Sosro - 9,PR0015,1.0,,
UN1507,2018-04-01,Villa Cenik Ubud - Cenik 1,PR0048,1.0,,
UN1508,2018-04-01,Villa Cenik Ubud - Cenik 2,PR0048,1.0,,
UN1509,2018-04-01,Villa Cenik Ubud - Cenik 3,PR0048,1.0,,
UN1510,2018-04-01,Villa Cenik Ubud - Cenik 4,PR0048,1.0,,
UN1511,2018-04-02,Vinnayaka Guesthouse - 1,PR0047,1.0,,
UN1512,2018-04-02,Vinnayaka Guesthouse - 2,PR0047,1.0,,
UN1513,2018-04-02,Vinnayaka Guesthouse - 3,PR0047,1.0,,
UN1514,2018-04-02,Vinnayaka Guesthouse - 4,PR0047,1.0,,
UN1515,2018-04-02,Suci Sari - 1 (2BR),PR0046,2.0,,
UN1516,2018-04-02,Suci Sari - 2 (2BR),PR0046,2.0,,
UN1517,2018-04-02,Suci Sari - 3 (3BR),PR0046,3.0,,
UN1518,2018-04-09,Melin Inn - 1A,PR0045,1.0,,
UN1519,2018-04-09,Melin Inn - 1B,PR0045,1.0,,
UN1520,2018-04-09,Melin Inn - 2A,PR0045,1.0,,
UN1521,2018-04-09,Melin Inn - 2B,PR0045,1.0,,
UN1522,2018-04-09,Melin Inn - 3 ( Family ),PR0045,1.0,,
UN1523,2018-04-15,Batu Agung - Wooden House 1,PR0044,1.0,,
UN1524,2018-04-15,Batu Agung - Wooden House 2,PR0044,1.0,,
UN1525,2018-04-15,Batu Agung - Wooden House 3,PR0044,1.0,,
UN1526,2018-04-15,Batu Agung - Wooden House 4,PR0044,1.0,,
UN1527,2018-04-15,Batu Agung - Wooden House 5,PR0044,1.0,,
UN1528,2018-04-15,Batu Agung - Standard Room 1,PR0044,1.0,,
UN1529,2018-04-15,Batu Agung - Standard Room 2,PR0044,1.0,,
UN1530,2018-04-15,Batu Agung - Standard Villa 1,PR0044,1.0,,
UN1531,2018-04-15,Batu Agung - Standard Villa 2,PR0044,1.0,,
UN1532,2018-04-15,Batu Agung - Standard Villa 3,PR0044,1.0,,
UN1533,2018-04-15,Batu Agung - 2 BR Villa,PR0044,2.0,,
UN1534,2018-04-15,Batu Agung - 3 BR Villa,PR0044,3.0,,
UN1535,2018-04-21,Bingin Ombak Standard - 1,PR0120,1.0,,
UN1536,2018-04-21,Bingin Ombak Standard - 2,PR0120,1.0,,
UN1537,2018-04-21,Bingin Ombak Standard - 3,PR0120,1.0,,
UN1538,2018-04-21,Bingin Ombak Standard - 4,PR0120,1.0,,
UN1539,2018-04-21,Bingin Ombak Apartment - 1 Lantai 1,PR0120,1.0,,
UN1540,2018-04-21,Bingin Ombak Apartment - 2 Lantai 2,PR0120,1.0,,
UN1541,2018-04-21,Bingin Ombak Family Aparment,PR0120,1.0,,
UN1542,2018-04-25,The Landmark 30-06,PR0043,,,
UN1543,2018-04-25,The Landmark 30-05,PR0043,,,
UN1544,2018-04-25,The Landmark 29-07,PR0043,,,
UN1545,2018-04-25,The Landmark 29-02,PR0043,,,
UN1546,2018-04-25,The Landmark 26-02,PR0043,,,
UN1547,2018-04-25,The Landmark 25-02,PR0043,,,
UN1548,2018-04-25,The Landmark 23-3A,PR0043,,,
UN1549,2018-04-25,The Landmark 20-03,PR0043,,,
UN1550,2018-04-25,The Landmark 18-06,PR0043,,,
UN1551,2018-04-25,The Landmark 18-05,PR0043,,,
UN1552,2018-04-25,The Landmark 18-3A,PR0043,,,
UN1553,2018-04-25,The Landmark 18-03,PR0043,,,
UN1554,2018-04-25,The Landmark 18-01,PR0043,,,
UN1555,2018-04-25,Villa Luna,PR0042,3.0,,
UN1556,2018-05-02,Summergrass - Standard room 01,PR0038,1.0,,
UN1557,2018-05-02,Summergrass - Standard room 02,PR0038,1.0,,
UN1558,2018-05-02,Summergrass - Twin room 03,PR0038,1.0,,
UN1559,2018-05-02,Summergrass - Standard room 04,PR0038,1.0,,
UN1560,2018-05-02,Summergrass - Standard room 05,PR0038,1.0,,
UN1561,2018-05-02,Summergrass - Entire Property,PR0038,1.0,,
UN1562,2018-05-02,Posnya Seni Godod - Merapi,PR0041,1.0,,
UN1563,2018-05-03,WK Gamat Garden Villa  -  Private Pool Villa,PR0036,1.0,,
UN1564,2018-05-03,WK Gamat Garden Villa  -  Villa 1 ( D ),PR0036,1.0,,
UN1565,2018-05-03,WK Gamat Garden Villa - Villa 2 ( T ),PR0036,1.0,,
UN1566,2018-05-03,WK Gamat Garden Villa - Villa 3 ( D ),PR0036,1.0,,
UN1567,2018-05-03,WK Gamat Garden Villa - Villa 4 ( D ),PR0036,1.0,,
UN1568,2018-05-04,Bale Tudor - House's,PR0035,,,
UN1569,2018-05-04,Bale Tudor - Villa Cassandra,PR0035,2.0,,
UN1570,2018-05-04,Bale Tudor - Cassandra 1,PR0035,1.0,,
UN1571,2018-05-04,Bale Tudor - Cassandra 2,PR0035,1.0,,
UN1572,2018-05-04,Bale Tudor - Villa James,PR0035,2.0,,
UN1573,2018-05-04,Bale Tudor - James 1,PR0035,1.0,,
UN1574,2018-05-04,Bale Tudor - James 2,PR0035,1.0,,
UN1575,2018-05-04,Bale Tudor - Villa Russel,PR0035,2.0,,
UN1576,2018-05-04,Bale Tudor - Russel 1,PR0035,1.0,,
UN1577,2018-05-04,Bale Tudor - Russel 2,PR0035,1.0,,
UN1578,2018-05-04,Bale Tudor - Whole Resort,PR0035,,,
UN1579,2018-05-04,Bale Tudor - James & Russel 4BR,PR0035,4.0,,
UN1580,2018-05-09,Pondok Joglo Odit - Wooden 1 (T),PR0034,1.0,,
UN1581,2018-05-09,Pondok Joglo Odit - Wooden 2 (D),PR0034,1.0,,
UN1582,2018-05-09,Pondok Joglo Odit - Wooden 3 (D),PR0034,1.0,,
UN1583,2018-05-09,Pondok Joglo Odit - Wooden 4 (D),PR0034,1.0,,
UN1584,2018-05-09,Pondok Joglo Odit - Whole Villa,PR0034,4.0,,
UN1585,2018-05-12,Villa Kulat (Entire),PR0033,3.0,,
UN1586,2018-05-18,Griya Bausasran 52 - 1,PR0032,1.0,,
UN1587,2018-05-18,Griya Bausasran 52 - 2,PR0032,1.0,,
UN1588,2018-05-18,Griya Bausasran 52 - 3,PR0032,1.0,,
UN1589,2018-05-18,Griya Bausasran 52 - Entire House,PR0032,3.0,,
UN1590,2018-05-19,Bingin Surf Left - Room 1A,PR0170,1.0,,
UN1591,2018-05-19,Bingin Surf Left - Room 2A,PR0170,1.0,,
UN1592,2018-05-19,Bingin Surf Left - Room 3A,PR0170,1.0,,
UN1593,2018-05-21,Villa Kulat (2 BR),PR0033,2.0,,
UN1594,2018-05-26,Cabana Krui Lampung,PR0030,,,
UN1595,2018-05-27,Joglo Agung,PR0023,,,
UN1596,2018-05-27,Rumah Agung,PR0023,,,
UN1597,2018-05-28,Bali Shanti - 102,PR0029,1.0,,
UN1598,2018-05-29,Tamu Ibu,PR0305,4.0,,
UN1599,2018-06-12,Griya Tiyasan,PR0019,3.0,,
UN1600,2018-06-12,Lorong Homestay - Omah Ngarep,PR0018,2.0,,
UN1601,2018-06-12,Lorong Homestay - Petruk,PR0018,1.0,,
UN1602,2018-06-12,Lorong Homestay - Togog,PR0018,1.0,,
UN1603,2018-06-12,Lorong Homestay - Mbilung,PR0018,1.0,,
UN1604,2018-06-12,Lorong Homestay - Omah Mburi,PR0018,4.0,,
UN1605,2018-06-12,Lorong Homestay - Bagong,PR0018,1.0,,
UN1606,2018-06-12,Lorong Homestay - Semar,PR0018,1.0,,
UN1607,2018-06-12,Lorong Homestay - Gareng,PR0018,1.0,,
UN1608,2018-06-08,Double D Guesthouse - 4BR,PR0022,4.0,,
UN1609,2018-06-09,Sannyas - 1 (Hollywood + Bath),PR0021,1.0,,
UN1610,2018-06-09,Sannyas - 10 (Valentina's Room),PR0021,1.0,,
UN1611,2018-06-09,Sannyas - 2 (Hollywood + Bath),PR0021,1.0,,
UN1612,2018-06-09,Sannyas - 3 (Hollywood + Shower),PR0021,1.0,,
UN1613,2018-06-09,Sannyas - 4 (Double + Bath),PR0021,1.0,,
UN1614,2018-06-09,Sannyas - 5 (Twin + Shower),PR0021,1.0,,
UN1615,2018-06-09,Sannyas - 6a (Quad),PR0021,1.0,,
UN1616,2018-06-09,Sannyas - 6b (Quad),PR0021,1.0,,
UN1617,2018-06-09,Sannyas - 6c (Quad),PR0021,1.0,,
UN1618,2018-06-09,Sannyas - 6d (Quad),PR0021,1.0,,
UN1619,2018-06-09,Sannyas - 7a (Triple),PR0021,1.0,,
UN1620,2018-06-09,Sannyas - 7b (Triple),PR0021,1.0,,
UN1621,2018-06-09,Sannyas - 7c (Triple),PR0021,1.0,,
UN1622,2018-06-09,Sannyas - 8 (Twin + Shower),PR0021,1.0,,
UN1623,2018-06-09,Sannyas - 9 (Twin + Shower),PR0021,1.0,,
UN1624,2018-06-10,Wabisabi - 1 (double),PR0020,1.0,,
UN1625,2018-06-10,Wabisabi - 2 (double),PR0020,1.0,,
UN1626,2018-06-10,Wabisabi - 3 (twin),PR0020,1.0,,
UN1627,2018-06-10,Wabisabi - 4 (double),PR0020,1.0,,
UN1628,2018-06-10,Wabisabi - Entire House,PR0020,4.0,,
UN1629,2018-06-11,808 Residence - Rose,PR0210,1.0,,
UN1630,2018-06-11,808 Residence - Lotus,PR0210,1.0,,
UN1631,2018-06-11,808 Residence - Daisy,PR0210,1.0,,
UN1632,,Villa Entre Amis,PR0177,4.0,,
UN1633,2018-06-17,Mule Malu - King Double,PR0016,1.0,,
UN1634,2018-06-17,Mule Malu - Queen Double,PR0016,1.0,,
UN1635,2018-06-23,Sesapi Putih,PR0012,2.0,,
UN1636,2018-06-26,Shankara - Bungalow 1,PR0009,1.0,,
UN1637,2018-06-26,Shankara - Bungalow 2,PR0009,1.0,,
UN1638,2018-06-26,Shankara - Bungalow 3,PR0009,1.0,,
UN1639,2018-06-26,Shankara - Bungalow 4,PR0009,1.0,,
UN1640,2018-06-26,Shankara - Bungalow 5,PR0009,1.0,,
UN1641,2018-06-28,Coffee Network - Bungalow 1,PR0026,1.0,,
UN1642,2018-06-28,Coffee Network - Bungalow 2,PR0026,1.0,,
UN1643,2018-06-28,Coffee Network - Bungalow 3,PR0026,1.0,,
UN1644,2018-06-28,Coffee Network - Bungalow 4,PR0026,1.0,,
UN1645,2018-06-28,Coffee Network - Bungalow 5,PR0026,1.0,,
UN1646,2018-06-28,Coffee Network - Bungalow 6,PR0026,1.0,,
UN1647,2018-06-28,Sinar Sari - Room 1,PR0008,1.0,,
UN1648,2018-06-28,Sinar Sari - Room 2,PR0008,1.0,,
UN1649,2018-06-28,Sinar Sari - Room 3,PR0008,1.0,,
UN1650,2018-06-28,Sinar Sari - Room 4,PR0008,1.0,,
UN1651,2018-06-28,Sinar Sari - Room 5,PR0008,1.0,,
UN1652,2018-06-30,Seno Guesthouse - Double 1,PR0007,1.0,,
UN1653,2018-06-30,Seno Guesthouse - Double 2,PR0007,1.0,,
UN1654,2018-06-30,Seno Guesthouse - Double 3,PR0007,1.0,,
UN1655,2018-06-30,Seno Guesthouse - Double 4,PR0007,1.0,,
UN1656,2018-06-30,Seno Guesthouse - Double 5,PR0007,1.0,,
UN1657,2018-06-30,Seno Guesthouse - Double 6,PR0007,1.0,,
UN1658,2018-06-30,Seno Guesthouse - Double 7,PR0007,1.0,,
UN1659,2018-06-30,Seno Guesthouse - Double 8,PR0007,1.0,,
UN1660,2018-06-30,Seno Guesthouse - Double 9,PR0007,1.0,,
UN1661,2018-06-30,Seno Guesthouse - Double 10,PR0007,1.0,,
UN1662,2018-06-30,Seno Guesthouse - Double 11,PR0007,1.0,,
UN1663,2018-06-30,Seno Guesthouse - Double 12,PR0007,1.0,,
UN1664,2018-06-30,Seno Guesthouse - Double 13,PR0007,1.0,,
UN1665,2018-06-30,Seno Guesthouse - Twin 1,PR0007,1.0,,
UN1666,2018-06-30,Seno Guesthouse - Twin 2,PR0007,1.0,,
UN1667,2018-06-30,Seno Guesthouse - Twin 3,PR0007,1.0,,
UN1668,2018-06-30,Seno Guesthouse - Twin 4,PR0007,1.0,,
UN1669,2018-07-03,Villa Melasti Ungasan,PR0001,1.0,1.0,4.0
UN1670,,9 Nelayan - Water Cabin,PR0152,,,
